group,hash,group_size,file_name,relative_path,all_duplicate_files_in_group
1,034d8e4892602f424bd3fac91369e6cd,2,Normal(147).jpg,data/raw/ECG_Normal/Normal(147).jpg,data/raw/ECG_Normal/Normal(147).jpg | data/raw/ECG_Normal/Normal(5).jpg
1,034d8e4892602f424bd3fac91369e6cd,2,Normal(5).jpg,data/raw/ECG_Normal/Normal(5).jpg,data/raw/ECG_Normal/Normal(147).jpg | data/raw/ECG_Normal/Normal(5).jpg
2,03713b3503588f7d2419efb43ca5da88,2,Normal(238).jpg,data/raw/ECG_Normal/Normal(238).jpg,data/raw/ECG_Normal/Normal(238).jpg | data/raw/ECG_Normal/Normal(96).jpg
2,03713b3503588f7d2419efb43ca5da88,2,Normal(96).jpg,data/raw/ECG_Normal/Normal(96).jpg,data/raw/ECG_Normal/Normal(238).jpg | data/raw/ECG_Normal/Normal(96).jpg
3,04f3cc318540628330dc3d0c09cf2cf6,2,Normal(144).jpg,data/raw/ECG_Normal/Normal(144).jpg,data/raw/ECG_Normal/Normal(144).jpg | data/raw/ECG_Normal/Normal(2).jpg
3,04f3cc318540628330dc3d0c09cf2cf6,2,Normal(2).jpg,data/raw/ECG_Normal/Normal(2).jpg,data/raw/ECG_Normal/Normal(144).jpg | data/raw/ECG_Normal/Normal(2).jpg
4,057158233c6311411a3878b9c430fa02,2,Normal(177).jpg,data/raw/ECG_Normal/Normal(177).jpg,data/raw/ECG_Normal/Normal(177).jpg | data/raw/ECG_Normal/Normal(35).jpg
4,057158233c6311411a3878b9c430fa02,2,Normal(35).jpg,data/raw/ECG_Normal/Normal(35).jpg,data/raw/ECG_Normal/Normal(177).jpg | data/raw/ECG_Normal/Normal(35).jpg
5,05c4b3a2f46fc244f8fddd4f2e1fa5d1,2,Normal(134).jpg,data/raw/ECG_Normal/Normal(134).jpg,data/raw/ECG_Normal/Normal(134).jpg | data/raw/ECG_Normal/Normal(276).jpg
5,05c4b3a2f46fc244f8fddd4f2e1fa5d1,2,Normal(276).jpg,data/raw/ECG_Normal/Normal(276).jpg,data/raw/ECG_Normal/Normal(134).jpg | data/raw/ECG_Normal/Normal(276).jpg
6,070fd697a418d3723c9ab886b79c2cd7,2,Normal(216).jpg,data/raw/ECG_Normal/Normal(216).jpg,data/raw/ECG_Normal/Normal(216).jpg | data/raw/ECG_Normal/Normal(74).jpg
6,070fd697a418d3723c9ab886b79c2cd7,2,Normal(74).jpg,data/raw/ECG_Normal/Normal(74).jpg,data/raw/ECG_Normal/Normal(216).jpg | data/raw/ECG_Normal/Normal(74).jpg
7,087229a165c30dbe751567393acfc610,8,MI(102).jpg,data/raw/ECG_MI/MI(102).jpg,data/raw/ECG_MI/MI(102).jpg | data/raw/ECG_MI/MI(12).jpg | data/raw/ECG_MI/MI(132).jpg | data/raw/ECG_MI/MI(162).jpg | data/raw/ECG_MI/MI(192).jpg | data/raw/ECG_MI/MI(222).jpg | data/raw/ECG_MI/MI(42).jpg | data/raw/ECG_MI/MI(72).jpg
7,087229a165c30dbe751567393acfc610,8,MI(12).jpg,data/raw/ECG_MI/MI(12).jpg,data/raw/ECG_MI/MI(102).jpg | data/raw/ECG_MI/MI(12).jpg | data/raw/ECG_MI/MI(132).jpg | data/raw/ECG_MI/MI(162).jpg | data/raw/ECG_MI/MI(192).jpg | data/raw/ECG_MI/MI(222).jpg | data/raw/ECG_MI/MI(42).jpg | data/raw/ECG_MI/MI(72).jpg
7,087229a165c30dbe751567393acfc610,8,MI(132).jpg,data/raw/ECG_MI/MI(132).jpg,data/raw/ECG_MI/MI(102).jpg | data/raw/ECG_MI/MI(12).jpg | data/raw/ECG_MI/MI(132).jpg | data/raw/ECG_MI/MI(162).jpg | data/raw/ECG_MI/MI(192).jpg | data/raw/ECG_MI/MI(222).jpg | data/raw/ECG_MI/MI(42).jpg | data/raw/ECG_MI/MI(72).jpg
7,087229a165c30dbe751567393acfc610,8,MI(162).jpg,data/raw/ECG_MI/MI(162).jpg,data/raw/ECG_MI/MI(102).jpg | data/raw/ECG_MI/MI(12).jpg | data/raw/ECG_MI/MI(132).jpg | data/raw/ECG_MI/MI(162).jpg | data/raw/ECG_MI/MI(192).jpg | data/raw/ECG_MI/MI(222).jpg | data/raw/ECG_MI/MI(42).jpg | data/raw/ECG_MI/MI(72).jpg
7,087229a165c30dbe751567393acfc610,8,MI(192).jpg,data/raw/ECG_MI/MI(192).jpg,data/raw/ECG_MI/MI(102).jpg | data/raw/ECG_MI/MI(12).jpg | data/raw/ECG_MI/MI(132).jpg | data/raw/ECG_MI/MI(162).jpg | data/raw/ECG_MI/MI(192).jpg | data/raw/ECG_MI/MI(222).jpg | data/raw/ECG_MI/MI(42).jpg | data/raw/ECG_MI/MI(72).jpg
7,087229a165c30dbe751567393acfc610,8,MI(222).jpg,data/raw/ECG_MI/MI(222).jpg,data/raw/ECG_MI/MI(102).jpg | data/raw/ECG_MI/MI(12).jpg | data/raw/ECG_MI/MI(132).jpg | data/raw/ECG_MI/MI(162).jpg | data/raw/ECG_MI/MI(192).jpg | data/raw/ECG_MI/MI(222).jpg | data/raw/ECG_MI/MI(42).jpg | data/raw/ECG_MI/MI(72).jpg
7,087229a165c30dbe751567393acfc610,8,MI(42).jpg,data/raw/ECG_MI/MI(42).jpg,data/raw/ECG_MI/MI(102).jpg | data/raw/ECG_MI/MI(12).jpg | data/raw/ECG_MI/MI(132).jpg | data/raw/ECG_MI/MI(162).jpg | data/raw/ECG_MI/MI(192).jpg | data/raw/ECG_MI/MI(222).jpg | data/raw/ECG_MI/MI(42).jpg | data/raw/ECG_MI/MI(72).jpg
7,087229a165c30dbe751567393acfc610,8,MI(72).jpg,data/raw/ECG_MI/MI(72).jpg,data/raw/ECG_MI/MI(102).jpg | data/raw/ECG_MI/MI(12).jpg | data/raw/ECG_MI/MI(132).jpg | data/raw/ECG_MI/MI(162).jpg | data/raw/ECG_MI/MI(192).jpg | data/raw/ECG_MI/MI(222).jpg | data/raw/ECG_MI/MI(42).jpg | data/raw/ECG_MI/MI(72).jpg
8,08a60ed2d11fcb88a9252fee8441ae77,2,Normal(227).jpg,data/raw/ECG_Normal/Normal(227).jpg,data/raw/ECG_Normal/Normal(227).jpg | data/raw/ECG_Normal/Normal(85).jpg
8,08a60ed2d11fcb88a9252fee8441ae77,2,Normal(85).jpg,data/raw/ECG_Normal/Normal(85).jpg,data/raw/ECG_Normal/Normal(227).jpg | data/raw/ECG_Normal/Normal(85).jpg
9,0a71d32bd9b8a6fbe39eee80cf0620ec,2,Normal(193).jpg,data/raw/ECG_Normal/Normal(193).jpg,data/raw/ECG_Normal/Normal(193).jpg | data/raw/ECG_Normal/Normal(51).jpg
9,0a71d32bd9b8a6fbe39eee80cf0620ec,2,Normal(51).jpg,data/raw/ECG_Normal/Normal(51).jpg,data/raw/ECG_Normal/Normal(193).jpg | data/raw/ECG_Normal/Normal(51).jpg
10,0bc34638158cae6fc96b5612cba2e473,2,Normal(138).jpg,data/raw/ECG_Normal/Normal(138).jpg,data/raw/ECG_Normal/Normal(138).jpg | data/raw/ECG_Normal/Normal(280).jpg
10,0bc34638158cae6fc96b5612cba2e473,2,Normal(280).jpg,data/raw/ECG_Normal/Normal(280).jpg,data/raw/ECG_Normal/Normal(138).jpg | data/raw/ECG_Normal/Normal(280).jpg
11,0c182072f5d046e6002902f5ceca25e9,2,Normal(209).jpg,data/raw/ECG_Normal/Normal(209).jpg,data/raw/ECG_Normal/Normal(209).jpg | data/raw/ECG_Normal/Normal(67).jpg
11,0c182072f5d046e6002902f5ceca25e9,2,Normal(67).jpg,data/raw/ECG_Normal/Normal(67).jpg,data/raw/ECG_Normal/Normal(209).jpg | data/raw/ECG_Normal/Normal(67).jpg
12,0d6659d64b301a47f86b8ecfd2be14ee,2,PMI(116).jpg,data/raw/ECG_HistoryMI/PMI(116).jpg,data/raw/ECG_HistoryMI/PMI(116).jpg | data/raw/ECG_HistoryMI/PMI(30).jpg
12,0d6659d64b301a47f86b8ecfd2be14ee,2,PMI(30).jpg,data/raw/ECG_HistoryMI/PMI(30).jpg,data/raw/ECG_HistoryMI/PMI(116).jpg | data/raw/ECG_HistoryMI/PMI(30).jpg
13,0dcb19ca9bc885746b57c2f8d416bafb,2,Normal(208).jpg,data/raw/ECG_Normal/Normal(208).jpg,data/raw/ECG_Normal/Normal(208).jpg | data/raw/ECG_Normal/Normal(66).jpg
13,0dcb19ca9bc885746b57c2f8d416bafb,2,Normal(66).jpg,data/raw/ECG_Normal/Normal(66).jpg,data/raw/ECG_Normal/Normal(208).jpg | data/raw/ECG_Normal/Normal(66).jpg
14,0e0d0c48dc64c3f471918c19fcf12c99,2,PMI(127).jpg,data/raw/ECG_HistoryMI/PMI(127).jpg,data/raw/ECG_HistoryMI/PMI(127).jpg | data/raw/ECG_HistoryMI/PMI(41).jpg
14,0e0d0c48dc64c3f471918c19fcf12c99,2,PMI(41).jpg,data/raw/ECG_HistoryMI/PMI(41).jpg,data/raw/ECG_HistoryMI/PMI(127).jpg | data/raw/ECG_HistoryMI/PMI(41).jpg
15,0e59b750be935f63a29bd7b3ef72a52d,2,PMI(165).jpg,data/raw/ECG_HistoryMI/PMI(165).jpg,data/raw/ECG_HistoryMI/PMI(165).jpg | data/raw/ECG_HistoryMI/PMI(79).jpg
15,0e59b750be935f63a29bd7b3ef72a52d,2,PMI(79).jpg,data/raw/ECG_HistoryMI/PMI(79).jpg,data/raw/ECG_HistoryMI/PMI(165).jpg | data/raw/ECG_HistoryMI/PMI(79).jpg
16,0fc6054fb0000225f33febec01d79578,2,PMI(171).jpg,data/raw/ECG_HistoryMI/PMI(171).jpg,data/raw/ECG_HistoryMI/PMI(171).jpg | data/raw/ECG_HistoryMI/PMI(85).jpg
16,0fc6054fb0000225f33febec01d79578,2,PMI(85).jpg,data/raw/ECG_HistoryMI/PMI(85).jpg,data/raw/ECG_HistoryMI/PMI(171).jpg | data/raw/ECG_HistoryMI/PMI(85).jpg
17,10488be83ef979faa05c6e82ecf30f28,2,Normal(206).jpg,data/raw/ECG_Normal/Normal(206).jpg,data/raw/ECG_Normal/Normal(206).jpg | data/raw/ECG_Normal/Normal(64).jpg
17,10488be83ef979faa05c6e82ecf30f28,2,Normal(64).jpg,data/raw/ECG_Normal/Normal(64).jpg,data/raw/ECG_Normal/Normal(206).jpg | data/raw/ECG_Normal/Normal(64).jpg
18,121c04792b2ead23bcde1a4ea90043ca,2,PMI(10).jpg,data/raw/ECG_HistoryMI/PMI(10).jpg,data/raw/ECG_HistoryMI/PMI(10).jpg | data/raw/ECG_HistoryMI/PMI(96).jpg
18,121c04792b2ead23bcde1a4ea90043ca,2,PMI(96).jpg,data/raw/ECG_HistoryMI/PMI(96).jpg,data/raw/ECG_HistoryMI/PMI(10).jpg | data/raw/ECG_HistoryMI/PMI(96).jpg
19,16a852fbeb46d277275ba2a5daaaff73,2,Normal(110).jpg,data/raw/ECG_Normal/Normal(110).jpg,data/raw/ECG_Normal/Normal(110).jpg | data/raw/ECG_Normal/Normal(252).jpg
19,16a852fbeb46d277275ba2a5daaaff73,2,Normal(252).jpg,data/raw/ECG_Normal/Normal(252).jpg,data/raw/ECG_Normal/Normal(110).jpg | data/raw/ECG_Normal/Normal(252).jpg
20,174ca9e3206bc5b82adc4cba26510b0f,8,MI(101).jpg,data/raw/ECG_MI/MI(101).jpg,data/raw/ECG_MI/MI(101).jpg | data/raw/ECG_MI/MI(11).jpg | data/raw/ECG_MI/MI(131).jpg | data/raw/ECG_MI/MI(161).jpg | data/raw/ECG_MI/MI(191).jpg | data/raw/ECG_MI/MI(221).jpg | data/raw/ECG_MI/MI(41).jpg | data/raw/ECG_MI/MI(71).jpg
20,174ca9e3206bc5b82adc4cba26510b0f,8,MI(11).jpg,data/raw/ECG_MI/MI(11).jpg,data/raw/ECG_MI/MI(101).jpg | data/raw/ECG_MI/MI(11).jpg | data/raw/ECG_MI/MI(131).jpg | data/raw/ECG_MI/MI(161).jpg | data/raw/ECG_MI/MI(191).jpg | data/raw/ECG_MI/MI(221).jpg | data/raw/ECG_MI/MI(41).jpg | data/raw/ECG_MI/MI(71).jpg
20,174ca9e3206bc5b82adc4cba26510b0f,8,MI(131).jpg,data/raw/ECG_MI/MI(131).jpg,data/raw/ECG_MI/MI(101).jpg | data/raw/ECG_MI/MI(11).jpg | data/raw/ECG_MI/MI(131).jpg | data/raw/ECG_MI/MI(161).jpg | data/raw/ECG_MI/MI(191).jpg | data/raw/ECG_MI/MI(221).jpg | data/raw/ECG_MI/MI(41).jpg | data/raw/ECG_MI/MI(71).jpg
20,174ca9e3206bc5b82adc4cba26510b0f,8,MI(161).jpg,data/raw/ECG_MI/MI(161).jpg,data/raw/ECG_MI/MI(101).jpg | data/raw/ECG_MI/MI(11).jpg | data/raw/ECG_MI/MI(131).jpg | data/raw/ECG_MI/MI(161).jpg | data/raw/ECG_MI/MI(191).jpg | data/raw/ECG_MI/MI(221).jpg | data/raw/ECG_MI/MI(41).jpg | data/raw/ECG_MI/MI(71).jpg
20,174ca9e3206bc5b82adc4cba26510b0f,8,MI(191).jpg,data/raw/ECG_MI/MI(191).jpg,data/raw/ECG_MI/MI(101).jpg | data/raw/ECG_MI/MI(11).jpg | data/raw/ECG_MI/MI(131).jpg | data/raw/ECG_MI/MI(161).jpg | data/raw/ECG_MI/MI(191).jpg | data/raw/ECG_MI/MI(221).jpg | data/raw/ECG_MI/MI(41).jpg | data/raw/ECG_MI/MI(71).jpg
20,174ca9e3206bc5b82adc4cba26510b0f,8,MI(221).jpg,data/raw/ECG_MI/MI(221).jpg,data/raw/ECG_MI/MI(101).jpg | data/raw/ECG_MI/MI(11).jpg | data/raw/ECG_MI/MI(131).jpg | data/raw/ECG_MI/MI(161).jpg | data/raw/ECG_MI/MI(191).jpg | data/raw/ECG_MI/MI(221).jpg | data/raw/ECG_MI/MI(41).jpg | data/raw/ECG_MI/MI(71).jpg
20,174ca9e3206bc5b82adc4cba26510b0f,8,MI(41).jpg,data/raw/ECG_MI/MI(41).jpg,data/raw/ECG_MI/MI(101).jpg | data/raw/ECG_MI/MI(11).jpg | data/raw/ECG_MI/MI(131).jpg | data/raw/ECG_MI/MI(161).jpg | data/raw/ECG_MI/MI(191).jpg | data/raw/ECG_MI/MI(221).jpg | data/raw/ECG_MI/MI(41).jpg | data/raw/ECG_MI/MI(71).jpg
20,174ca9e3206bc5b82adc4cba26510b0f,8,MI(71).jpg,data/raw/ECG_MI/MI(71).jpg,data/raw/ECG_MI/MI(101).jpg | data/raw/ECG_MI/MI(11).jpg | data/raw/ECG_MI/MI(131).jpg | data/raw/ECG_MI/MI(161).jpg | data/raw/ECG_MI/MI(191).jpg | data/raw/ECG_MI/MI(221).jpg | data/raw/ECG_MI/MI(41).jpg | data/raw/ECG_MI/MI(71).jpg
21,175929461f9b25b762b29753454eb04c,2,Normal(173).jpg,data/raw/ECG_Normal/Normal(173).jpg,data/raw/ECG_Normal/Normal(173).jpg | data/raw/ECG_Normal/Normal(31).jpg
21,175929461f9b25b762b29753454eb04c,2,Normal(31).jpg,data/raw/ECG_Normal/Normal(31).jpg,data/raw/ECG_Normal/Normal(173).jpg | data/raw/ECG_Normal/Normal(31).jpg
22,1806e45a9e95f639d7f2371ebc6531e1,2,Normal(15).jpg,data/raw/ECG_Normal/Normal(15).jpg,data/raw/ECG_Normal/Normal(15).jpg | data/raw/ECG_Normal/Normal(157).jpg
22,1806e45a9e95f639d7f2371ebc6531e1,2,Normal(157).jpg,data/raw/ECG_Normal/Normal(157).jpg,data/raw/ECG_Normal/Normal(15).jpg | data/raw/ECG_Normal/Normal(157).jpg
23,1a1728f7d8a70c3fdebf7433b42d549c,2,Normal(170).jpg,data/raw/ECG_Normal/Normal(170).jpg,data/raw/ECG_Normal/Normal(170).jpg | data/raw/ECG_Normal/Normal(28).jpg
23,1a1728f7d8a70c3fdebf7433b42d549c,2,Normal(28).jpg,data/raw/ECG_Normal/Normal(28).jpg,data/raw/ECG_Normal/Normal(170).jpg | data/raw/ECG_Normal/Normal(28).jpg
24,1a4ed45da938b6964c8db0f81b8384df,2,Normal(215).jpg,data/raw/ECG_Normal/Normal(215).jpg,data/raw/ECG_Normal/Normal(215).jpg | data/raw/ECG_Normal/Normal(73).jpg
24,1a4ed45da938b6964c8db0f81b8384df,2,Normal(73).jpg,data/raw/ECG_Normal/Normal(73).jpg,data/raw/ECG_Normal/Normal(215).jpg | data/raw/ECG_Normal/Normal(73).jpg
25,1a6ee756c3409e19da8123897c34beb7,2,Normal(161).jpg,data/raw/ECG_Normal/Normal(161).jpg,data/raw/ECG_Normal/Normal(161).jpg | data/raw/ECG_Normal/Normal(19).jpg
25,1a6ee756c3409e19da8123897c34beb7,2,Normal(19).jpg,data/raw/ECG_Normal/Normal(19).jpg,data/raw/ECG_Normal/Normal(161).jpg | data/raw/ECG_Normal/Normal(19).jpg
26,1eaa2a46913a83d90a72ca30ad881c55,2,Normal(111).jpg,data/raw/ECG_Normal/Normal(111).jpg,data/raw/ECG_Normal/Normal(111).jpg | data/raw/ECG_Normal/Normal(253).jpg
26,1eaa2a46913a83d90a72ca30ad881c55,2,Normal(253).jpg,data/raw/ECG_Normal/Normal(253).jpg,data/raw/ECG_Normal/Normal(111).jpg | data/raw/ECG_Normal/Normal(253).jpg
27,20266aae4db971b398e954078dd746ce,2,Normal(135).jpg,data/raw/ECG_Normal/Normal(135).jpg,data/raw/ECG_Normal/Normal(135).jpg | data/raw/ECG_Normal/Normal(277).jpg
27,20266aae4db971b398e954078dd746ce,2,Normal(277).jpg,data/raw/ECG_Normal/Normal(277).jpg,data/raw/ECG_Normal/Normal(135).jpg | data/raw/ECG_Normal/Normal(277).jpg
28,204b7ff3dc6dce76206e5e083c2f2cf0,2,Normal(230).jpg,data/raw/ECG_Normal/Normal(230).jpg,data/raw/ECG_Normal/Normal(230).jpg | data/raw/ECG_Normal/Normal(88).jpg
28,204b7ff3dc6dce76206e5e083c2f2cf0,2,Normal(88).jpg,data/raw/ECG_Normal/Normal(88).jpg,data/raw/ECG_Normal/Normal(230).jpg | data/raw/ECG_Normal/Normal(88).jpg
29,2153522a1603d0de0b270c4c39150934,2,Normal(160).jpg,data/raw/ECG_Normal/Normal(160).jpg,data/raw/ECG_Normal/Normal(160).jpg | data/raw/ECG_Normal/Normal(18).jpg
29,2153522a1603d0de0b270c4c39150934,2,Normal(18).jpg,data/raw/ECG_Normal/Normal(18).jpg,data/raw/ECG_Normal/Normal(160).jpg | data/raw/ECG_Normal/Normal(18).jpg
30,219eef9efa14af8c8eb8aa3479416c23,2,PMI(169).jpg,data/raw/ECG_HistoryMI/PMI(169).jpg,data/raw/ECG_HistoryMI/PMI(169).jpg | data/raw/ECG_HistoryMI/PMI(83).jpg
30,219eef9efa14af8c8eb8aa3479416c23,2,PMI(83).jpg,data/raw/ECG_HistoryMI/PMI(83).jpg,data/raw/ECG_HistoryMI/PMI(169).jpg | data/raw/ECG_HistoryMI/PMI(83).jpg
31,21ef51082f712621bba22a8477ed7877,2,Normal(183).jpg,data/raw/ECG_Normal/Normal(183).jpg,data/raw/ECG_Normal/Normal(183).jpg | data/raw/ECG_Normal/Normal(41).jpg
31,21ef51082f712621bba22a8477ed7877,2,Normal(41).jpg,data/raw/ECG_Normal/Normal(41).jpg,data/raw/ECG_Normal/Normal(183).jpg | data/raw/ECG_Normal/Normal(41).jpg
32,2276476d3bcd07c6e54b349593b33974,2,PMI(117).jpg,data/raw/ECG_HistoryMI/PMI(117).jpg,data/raw/ECG_HistoryMI/PMI(117).jpg | data/raw/ECG_HistoryMI/PMI(31).jpg
32,2276476d3bcd07c6e54b349593b33974,2,PMI(31).jpg,data/raw/ECG_HistoryMI/PMI(31).jpg,data/raw/ECG_HistoryMI/PMI(117).jpg | data/raw/ECG_HistoryMI/PMI(31).jpg
33,227c27e27a7bb5e4033d8617ce94e4df,2,Normal(180).jpg,data/raw/ECG_Normal/Normal(180).jpg,data/raw/ECG_Normal/Normal(180).jpg | data/raw/ECG_Normal/Normal(38).jpg
33,227c27e27a7bb5e4033d8617ce94e4df,2,Normal(38).jpg,data/raw/ECG_Normal/Normal(38).jpg,data/raw/ECG_Normal/Normal(180).jpg | data/raw/ECG_Normal/Normal(38).jpg
34,229034a13adffabeef6e8b2a461ad3b5,8,MI(123).jpg,data/raw/ECG_MI/MI(123).jpg,data/raw/ECG_MI/MI(123).jpg | data/raw/ECG_MI/MI(153).jpg | data/raw/ECG_MI/MI(183).jpg | data/raw/ECG_MI/MI(213).jpg | data/raw/ECG_MI/MI(3).jpg | data/raw/ECG_MI/MI(33).jpg | data/raw/ECG_MI/MI(63).jpg | data/raw/ECG_MI/MI(93).jpg
34,229034a13adffabeef6e8b2a461ad3b5,8,MI(153).jpg,data/raw/ECG_MI/MI(153).jpg,data/raw/ECG_MI/MI(123).jpg | data/raw/ECG_MI/MI(153).jpg | data/raw/ECG_MI/MI(183).jpg | data/raw/ECG_MI/MI(213).jpg | data/raw/ECG_MI/MI(3).jpg | data/raw/ECG_MI/MI(33).jpg | data/raw/ECG_MI/MI(63).jpg | data/raw/ECG_MI/MI(93).jpg
34,229034a13adffabeef6e8b2a461ad3b5,8,MI(183).jpg,data/raw/ECG_MI/MI(183).jpg,data/raw/ECG_MI/MI(123).jpg | data/raw/ECG_MI/MI(153).jpg | data/raw/ECG_MI/MI(183).jpg | data/raw/ECG_MI/MI(213).jpg | data/raw/ECG_MI/MI(3).jpg | data/raw/ECG_MI/MI(33).jpg | data/raw/ECG_MI/MI(63).jpg | data/raw/ECG_MI/MI(93).jpg
34,229034a13adffabeef6e8b2a461ad3b5,8,MI(213).jpg,data/raw/ECG_MI/MI(213).jpg,data/raw/ECG_MI/MI(123).jpg | data/raw/ECG_MI/MI(153).jpg | data/raw/ECG_MI/MI(183).jpg | data/raw/ECG_MI/MI(213).jpg | data/raw/ECG_MI/MI(3).jpg | data/raw/ECG_MI/MI(33).jpg | data/raw/ECG_MI/MI(63).jpg | data/raw/ECG_MI/MI(93).jpg
34,229034a13adffabeef6e8b2a461ad3b5,8,MI(3).jpg,data/raw/ECG_MI/MI(3).jpg,data/raw/ECG_MI/MI(123).jpg | data/raw/ECG_MI/MI(153).jpg | data/raw/ECG_MI/MI(183).jpg | data/raw/ECG_MI/MI(213).jpg | data/raw/ECG_MI/MI(3).jpg | data/raw/ECG_MI/MI(33).jpg | data/raw/ECG_MI/MI(63).jpg | data/raw/ECG_MI/MI(93).jpg
34,229034a13adffabeef6e8b2a461ad3b5,8,MI(33).jpg,data/raw/ECG_MI/MI(33).jpg,data/raw/ECG_MI/MI(123).jpg | data/raw/ECG_MI/MI(153).jpg | data/raw/ECG_MI/MI(183).jpg | data/raw/ECG_MI/MI(213).jpg | data/raw/ECG_MI/MI(3).jpg | data/raw/ECG_MI/MI(33).jpg | data/raw/ECG_MI/MI(63).jpg | data/raw/ECG_MI/MI(93).jpg
34,229034a13adffabeef6e8b2a461ad3b5,8,MI(63).jpg,data/raw/ECG_MI/MI(63).jpg,data/raw/ECG_MI/MI(123).jpg | data/raw/ECG_MI/MI(153).jpg | data/raw/ECG_MI/MI(183).jpg | data/raw/ECG_MI/MI(213).jpg | data/raw/ECG_MI/MI(3).jpg | data/raw/ECG_MI/MI(33).jpg | data/raw/ECG_MI/MI(63).jpg | data/raw/ECG_MI/MI(93).jpg
34,229034a13adffabeef6e8b2a461ad3b5,8,MI(93).jpg,data/raw/ECG_MI/MI(93).jpg,data/raw/ECG_MI/MI(123).jpg | data/raw/ECG_MI/MI(153).jpg | data/raw/ECG_MI/MI(183).jpg | data/raw/ECG_MI/MI(213).jpg | data/raw/ECG_MI/MI(3).jpg | data/raw/ECG_MI/MI(33).jpg | data/raw/ECG_MI/MI(63).jpg | data/raw/ECG_MI/MI(93).jpg
35,22ac9357cb45f693e6118fa1a85d03c4,2,Normal(146).jpg,data/raw/ECG_Normal/Normal(146).jpg,data/raw/ECG_Normal/Normal(146).jpg | data/raw/ECG_Normal/Normal(4).jpg
35,22ac9357cb45f693e6118fa1a85d03c4,2,Normal(4).jpg,data/raw/ECG_Normal/Normal(4).jpg,data/raw/ECG_Normal/Normal(146).jpg | data/raw/ECG_Normal/Normal(4).jpg
36,251806b4dd368e9161a688373e464fdd,2,Normal(186).jpg,data/raw/ECG_Normal/Normal(186).jpg,data/raw/ECG_Normal/Normal(186).jpg | data/raw/ECG_Normal/Normal(44).jpg
36,251806b4dd368e9161a688373e464fdd,2,Normal(44).jpg,data/raw/ECG_Normal/Normal(44).jpg,data/raw/ECG_Normal/Normal(186).jpg | data/raw/ECG_Normal/Normal(44).jpg
37,25199be083798c3df118d9c84fa0385d,2,PMI(9).jpg,data/raw/ECG_HistoryMI/PMI(9).jpg,data/raw/ECG_HistoryMI/PMI(9).jpg | data/raw/ECG_HistoryMI/PMI(95).jpg
37,25199be083798c3df118d9c84fa0385d,2,PMI(95).jpg,data/raw/ECG_HistoryMI/PMI(95).jpg,data/raw/ECG_HistoryMI/PMI(9).jpg | data/raw/ECG_HistoryMI/PMI(95).jpg
38,2624244d1163989297ef612b3ce2f3c4,8,MI(118).jpg,data/raw/ECG_MI/MI(118).jpg,data/raw/ECG_MI/MI(118).jpg | data/raw/ECG_MI/MI(148).jpg | data/raw/ECG_MI/MI(178).jpg | data/raw/ECG_MI/MI(208).jpg | data/raw/ECG_MI/MI(238).jpg | data/raw/ECG_MI/MI(28).jpg | data/raw/ECG_MI/MI(58).jpg | data/raw/ECG_MI/MI(88).jpg
38,2624244d1163989297ef612b3ce2f3c4,8,MI(148).jpg,data/raw/ECG_MI/MI(148).jpg,data/raw/ECG_MI/MI(118).jpg | data/raw/ECG_MI/MI(148).jpg | data/raw/ECG_MI/MI(178).jpg | data/raw/ECG_MI/MI(208).jpg | data/raw/ECG_MI/MI(238).jpg | data/raw/ECG_MI/MI(28).jpg | data/raw/ECG_MI/MI(58).jpg | data/raw/ECG_MI/MI(88).jpg
38,2624244d1163989297ef612b3ce2f3c4,8,MI(178).jpg,data/raw/ECG_MI/MI(178).jpg,data/raw/ECG_MI/MI(118).jpg | data/raw/ECG_MI/MI(148).jpg | data/raw/ECG_MI/MI(178).jpg | data/raw/ECG_MI/MI(208).jpg | data/raw/ECG_MI/MI(238).jpg | data/raw/ECG_MI/MI(28).jpg | data/raw/ECG_MI/MI(58).jpg | data/raw/ECG_MI/MI(88).jpg
38,2624244d1163989297ef612b3ce2f3c4,8,MI(208).jpg,data/raw/ECG_MI/MI(208).jpg,data/raw/ECG_MI/MI(118).jpg | data/raw/ECG_MI/MI(148).jpg | data/raw/ECG_MI/MI(178).jpg | data/raw/ECG_MI/MI(208).jpg | data/raw/ECG_MI/MI(238).jpg | data/raw/ECG_MI/MI(28).jpg | data/raw/ECG_MI/MI(58).jpg | data/raw/ECG_MI/MI(88).jpg
38,2624244d1163989297ef612b3ce2f3c4,8,MI(238).jpg,data/raw/ECG_MI/MI(238).jpg,data/raw/ECG_MI/MI(118).jpg | data/raw/ECG_MI/MI(148).jpg | data/raw/ECG_MI/MI(178).jpg | data/raw/ECG_MI/MI(208).jpg | data/raw/ECG_MI/MI(238).jpg | data/raw/ECG_MI/MI(28).jpg | data/raw/ECG_MI/MI(58).jpg | data/raw/ECG_MI/MI(88).jpg
38,2624244d1163989297ef612b3ce2f3c4,8,MI(28).jpg,data/raw/ECG_MI/MI(28).jpg,data/raw/ECG_MI/MI(118).jpg | data/raw/ECG_MI/MI(148).jpg | data/raw/ECG_MI/MI(178).jpg | data/raw/ECG_MI/MI(208).jpg | data/raw/ECG_MI/MI(238).jpg | data/raw/ECG_MI/MI(28).jpg | data/raw/ECG_MI/MI(58).jpg | data/raw/ECG_MI/MI(88).jpg
38,2624244d1163989297ef612b3ce2f3c4,8,MI(58).jpg,data/raw/ECG_MI/MI(58).jpg,data/raw/ECG_MI/MI(118).jpg | data/raw/ECG_MI/MI(148).jpg | data/raw/ECG_MI/MI(178).jpg | data/raw/ECG_MI/MI(208).jpg | data/raw/ECG_MI/MI(238).jpg | data/raw/ECG_MI/MI(28).jpg | data/raw/ECG_MI/MI(58).jpg | data/raw/ECG_MI/MI(88).jpg
38,2624244d1163989297ef612b3ce2f3c4,8,MI(88).jpg,data/raw/ECG_MI/MI(88).jpg,data/raw/ECG_MI/MI(118).jpg | data/raw/ECG_MI/MI(148).jpg | data/raw/ECG_MI/MI(178).jpg | data/raw/ECG_MI/MI(208).jpg | data/raw/ECG_MI/MI(238).jpg | data/raw/ECG_MI/MI(28).jpg | data/raw/ECG_MI/MI(58).jpg | data/raw/ECG_MI/MI(88).jpg
39,263d391ac8cd953ffd3448485d2277fa,2,PMI(110).jpg,data/raw/ECG_HistoryMI/PMI(110).jpg,data/raw/ECG_HistoryMI/PMI(110).jpg | data/raw/ECG_HistoryMI/PMI(24).jpg
39,263d391ac8cd953ffd3448485d2277fa,2,PMI(24).jpg,data/raw/ECG_HistoryMI/PMI(24).jpg,data/raw/ECG_HistoryMI/PMI(110).jpg | data/raw/ECG_HistoryMI/PMI(24).jpg
40,2675f7f8d45a233db991b44c9ba3fd50,8,MI(126).jpg,data/raw/ECG_MI/MI(126).jpg,data/raw/ECG_MI/MI(126).jpg | data/raw/ECG_MI/MI(156).jpg | data/raw/ECG_MI/MI(186).jpg | data/raw/ECG_MI/MI(216).jpg | data/raw/ECG_MI/MI(36).jpg | data/raw/ECG_MI/MI(6).jpg | data/raw/ECG_MI/MI(66).jpg | data/raw/ECG_MI/MI(96).jpg
40,2675f7f8d45a233db991b44c9ba3fd50,8,MI(156).jpg,data/raw/ECG_MI/MI(156).jpg,data/raw/ECG_MI/MI(126).jpg | data/raw/ECG_MI/MI(156).jpg | data/raw/ECG_MI/MI(186).jpg | data/raw/ECG_MI/MI(216).jpg | data/raw/ECG_MI/MI(36).jpg | data/raw/ECG_MI/MI(6).jpg | data/raw/ECG_MI/MI(66).jpg | data/raw/ECG_MI/MI(96).jpg
40,2675f7f8d45a233db991b44c9ba3fd50,8,MI(186).jpg,data/raw/ECG_MI/MI(186).jpg,data/raw/ECG_MI/MI(126).jpg | data/raw/ECG_MI/MI(156).jpg | data/raw/ECG_MI/MI(186).jpg | data/raw/ECG_MI/MI(216).jpg | data/raw/ECG_MI/MI(36).jpg | data/raw/ECG_MI/MI(6).jpg | data/raw/ECG_MI/MI(66).jpg | data/raw/ECG_MI/MI(96).jpg
40,2675f7f8d45a233db991b44c9ba3fd50,8,MI(216).jpg,data/raw/ECG_MI/MI(216).jpg,data/raw/ECG_MI/MI(126).jpg | data/raw/ECG_MI/MI(156).jpg | data/raw/ECG_MI/MI(186).jpg | data/raw/ECG_MI/MI(216).jpg | data/raw/ECG_MI/MI(36).jpg | data/raw/ECG_MI/MI(6).jpg | data/raw/ECG_MI/MI(66).jpg | data/raw/ECG_MI/MI(96).jpg
40,2675f7f8d45a233db991b44c9ba3fd50,8,MI(36).jpg,data/raw/ECG_MI/MI(36).jpg,data/raw/ECG_MI/MI(126).jpg | data/raw/ECG_MI/MI(156).jpg | data/raw/ECG_MI/MI(186).jpg | data/raw/ECG_MI/MI(216).jpg | data/raw/ECG_MI/MI(36).jpg | data/raw/ECG_MI/MI(6).jpg | data/raw/ECG_MI/MI(66).jpg | data/raw/ECG_MI/MI(96).jpg
40,2675f7f8d45a233db991b44c9ba3fd50,8,MI(6).jpg,data/raw/ECG_MI/MI(6).jpg,data/raw/ECG_MI/MI(126).jpg | data/raw/ECG_MI/MI(156).jpg | data/raw/ECG_MI/MI(186).jpg | data/raw/ECG_MI/MI(216).jpg | data/raw/ECG_MI/MI(36).jpg | data/raw/ECG_MI/MI(6).jpg | data/raw/ECG_MI/MI(66).jpg | data/raw/ECG_MI/MI(96).jpg
40,2675f7f8d45a233db991b44c9ba3fd50,8,MI(66).jpg,data/raw/ECG_MI/MI(66).jpg,data/raw/ECG_MI/MI(126).jpg | data/raw/ECG_MI/MI(156).jpg | data/raw/ECG_MI/MI(186).jpg | data/raw/ECG_MI/MI(216).jpg | data/raw/ECG_MI/MI(36).jpg | data/raw/ECG_MI/MI(6).jpg | data/raw/ECG_MI/MI(66).jpg | data/raw/ECG_MI/MI(96).jpg
40,2675f7f8d45a233db991b44c9ba3fd50,8,MI(96).jpg,data/raw/ECG_MI/MI(96).jpg,data/raw/ECG_MI/MI(126).jpg | data/raw/ECG_MI/MI(156).jpg | data/raw/ECG_MI/MI(186).jpg | data/raw/ECG_MI/MI(216).jpg | data/raw/ECG_MI/MI(36).jpg | data/raw/ECG_MI/MI(6).jpg | data/raw/ECG_MI/MI(66).jpg | data/raw/ECG_MI/MI(96).jpg
41,2708b0c0e13bde66a67e51e1c6a9b7df,2,Normal(224).jpg,data/raw/ECG_Normal/Normal(224).jpg,data/raw/ECG_Normal/Normal(224).jpg | data/raw/ECG_Normal/Normal(82).jpg
41,2708b0c0e13bde66a67e51e1c6a9b7df,2,Normal(82).jpg,data/raw/ECG_Normal/Normal(82).jpg,data/raw/ECG_Normal/Normal(224).jpg | data/raw/ECG_Normal/Normal(82).jpg
42,290c35b076a1c8286f0a30b90abcfbd8,2,Normal(226).jpg,data/raw/ECG_Normal/Normal(226).jpg,data/raw/ECG_Normal/Normal(226).jpg | data/raw/ECG_Normal/Normal(84).jpg
42,290c35b076a1c8286f0a30b90abcfbd8,2,Normal(84).jpg,data/raw/ECG_Normal/Normal(84).jpg,data/raw/ECG_Normal/Normal(226).jpg | data/raw/ECG_Normal/Normal(84).jpg
43,2a49a41c151002a37dbf585969789f69,2,PMI(6).jpg,data/raw/ECG_HistoryMI/PMI(6).jpg,data/raw/ECG_HistoryMI/PMI(6).jpg | data/raw/ECG_HistoryMI/PMI(92).jpg
43,2a49a41c151002a37dbf585969789f69,2,PMI(92).jpg,data/raw/ECG_HistoryMI/PMI(92).jpg,data/raw/ECG_HistoryMI/PMI(6).jpg | data/raw/ECG_HistoryMI/PMI(92).jpg
44,2c3d237d0af59945c02ab8147123708e,2,Normal(101).jpg,data/raw/ECG_Normal/Normal(101).jpg,data/raw/ECG_Normal/Normal(101).jpg | data/raw/ECG_Normal/Normal(243).jpg
44,2c3d237d0af59945c02ab8147123708e,2,Normal(243).jpg,data/raw/ECG_Normal/Normal(243).jpg,data/raw/ECG_Normal/Normal(101).jpg | data/raw/ECG_Normal/Normal(243).jpg
45,2f190b25d2988f1d816e0d02890bf11d,2,Normal(12).jpg,data/raw/ECG_Normal/Normal(12).jpg,data/raw/ECG_Normal/Normal(12).jpg | data/raw/ECG_Normal/Normal(154).jpg
45,2f190b25d2988f1d816e0d02890bf11d,2,Normal(154).jpg,data/raw/ECG_Normal/Normal(154).jpg,data/raw/ECG_Normal/Normal(12).jpg | data/raw/ECG_Normal/Normal(154).jpg
46,30897c9301ae55d8574c813e5812ad9b,2,Normal(123).jpg,data/raw/ECG_Normal/Normal(123).jpg,data/raw/ECG_Normal/Normal(123).jpg | data/raw/ECG_Normal/Normal(265).jpg
46,30897c9301ae55d8574c813e5812ad9b,2,Normal(265).jpg,data/raw/ECG_Normal/Normal(265).jpg,data/raw/ECG_Normal/Normal(123).jpg | data/raw/ECG_Normal/Normal(265).jpg
47,320a4f9359159a557edb2b54fa83ad9c,2,Normal(239).jpg,data/raw/ECG_Normal/Normal(239).jpg,data/raw/ECG_Normal/Normal(239).jpg | data/raw/ECG_Normal/Normal(97).jpg
47,320a4f9359159a557edb2b54fa83ad9c,2,Normal(97).jpg,data/raw/ECG_Normal/Normal(97).jpg,data/raw/ECG_Normal/Normal(239).jpg | data/raw/ECG_Normal/Normal(97).jpg
48,357b8f3a0f7a5414b4206d214d220bd8,8,MI(106).jpg,data/raw/ECG_MI/MI(106).jpg,data/raw/ECG_MI/MI(106).jpg | data/raw/ECG_MI/MI(136).jpg | data/raw/ECG_MI/MI(16).jpg | data/raw/ECG_MI/MI(166).jpg | data/raw/ECG_MI/MI(196).jpg | data/raw/ECG_MI/MI(226).jpg | data/raw/ECG_MI/MI(46).jpg | data/raw/ECG_MI/MI(76).jpg
48,357b8f3a0f7a5414b4206d214d220bd8,8,MI(136).jpg,data/raw/ECG_MI/MI(136).jpg,data/raw/ECG_MI/MI(106).jpg | data/raw/ECG_MI/MI(136).jpg | data/raw/ECG_MI/MI(16).jpg | data/raw/ECG_MI/MI(166).jpg | data/raw/ECG_MI/MI(196).jpg | data/raw/ECG_MI/MI(226).jpg | data/raw/ECG_MI/MI(46).jpg | data/raw/ECG_MI/MI(76).jpg
48,357b8f3a0f7a5414b4206d214d220bd8,8,MI(16).jpg,data/raw/ECG_MI/MI(16).jpg,data/raw/ECG_MI/MI(106).jpg | data/raw/ECG_MI/MI(136).jpg | data/raw/ECG_MI/MI(16).jpg | data/raw/ECG_MI/MI(166).jpg | data/raw/ECG_MI/MI(196).jpg | data/raw/ECG_MI/MI(226).jpg | data/raw/ECG_MI/MI(46).jpg | data/raw/ECG_MI/MI(76).jpg
48,357b8f3a0f7a5414b4206d214d220bd8,8,MI(166).jpg,data/raw/ECG_MI/MI(166).jpg,data/raw/ECG_MI/MI(106).jpg | data/raw/ECG_MI/MI(136).jpg | data/raw/ECG_MI/MI(16).jpg | data/raw/ECG_MI/MI(166).jpg | data/raw/ECG_MI/MI(196).jpg | data/raw/ECG_MI/MI(226).jpg | data/raw/ECG_MI/MI(46).jpg | data/raw/ECG_MI/MI(76).jpg
48,357b8f3a0f7a5414b4206d214d220bd8,8,MI(196).jpg,data/raw/ECG_MI/MI(196).jpg,data/raw/ECG_MI/MI(106).jpg | data/raw/ECG_MI/MI(136).jpg | data/raw/ECG_MI/MI(16).jpg | data/raw/ECG_MI/MI(166).jpg | data/raw/ECG_MI/MI(196).jpg | data/raw/ECG_MI/MI(226).jpg | data/raw/ECG_MI/MI(46).jpg | data/raw/ECG_MI/MI(76).jpg
48,357b8f3a0f7a5414b4206d214d220bd8,8,MI(226).jpg,data/raw/ECG_MI/MI(226).jpg,data/raw/ECG_MI/MI(106).jpg | data/raw/ECG_MI/MI(136).jpg | data/raw/ECG_MI/MI(16).jpg | data/raw/ECG_MI/MI(166).jpg | data/raw/ECG_MI/MI(196).jpg | data/raw/ECG_MI/MI(226).jpg | data/raw/ECG_MI/MI(46).jpg | data/raw/ECG_MI/MI(76).jpg
48,357b8f3a0f7a5414b4206d214d220bd8,8,MI(46).jpg,data/raw/ECG_MI/MI(46).jpg,data/raw/ECG_MI/MI(106).jpg | data/raw/ECG_MI/MI(136).jpg | data/raw/ECG_MI/MI(16).jpg | data/raw/ECG_MI/MI(166).jpg | data/raw/ECG_MI/MI(196).jpg | data/raw/ECG_MI/MI(226).jpg | data/raw/ECG_MI/MI(46).jpg | data/raw/ECG_MI/MI(76).jpg
48,357b8f3a0f7a5414b4206d214d220bd8,8,MI(76).jpg,data/raw/ECG_MI/MI(76).jpg,data/raw/ECG_MI/MI(106).jpg | data/raw/ECG_MI/MI(136).jpg | data/raw/ECG_MI/MI(16).jpg | data/raw/ECG_MI/MI(166).jpg | data/raw/ECG_MI/MI(196).jpg | data/raw/ECG_MI/MI(226).jpg | data/raw/ECG_MI/MI(46).jpg | data/raw/ECG_MI/MI(76).jpg
49,36d0a1e6d072eccd286ed1740513abaf,2,Normal(127).jpg,data/raw/ECG_Normal/Normal(127).jpg,data/raw/ECG_Normal/Normal(127).jpg | data/raw/ECG_Normal/Normal(269).jpg
49,36d0a1e6d072eccd286ed1740513abaf,2,Normal(269).jpg,data/raw/ECG_Normal/Normal(269).jpg,data/raw/ECG_Normal/Normal(127).jpg | data/raw/ECG_Normal/Normal(269).jpg
50,38f8ce87ad48c693a81c9863f62542b5,2,PMI(12).jpg,data/raw/ECG_HistoryMI/PMI(12).jpg,data/raw/ECG_HistoryMI/PMI(12).jpg | data/raw/ECG_HistoryMI/PMI(98).jpg
50,38f8ce87ad48c693a81c9863f62542b5,2,PMI(98).jpg,data/raw/ECG_HistoryMI/PMI(98).jpg,data/raw/ECG_HistoryMI/PMI(12).jpg | data/raw/ECG_HistoryMI/PMI(98).jpg
51,395903406aa651681a056214446dfc86,2,Normal(163).jpg,data/raw/ECG_Normal/Normal(163).jpg,data/raw/ECG_Normal/Normal(163).jpg | data/raw/ECG_Normal/Normal(21).jpg
51,395903406aa651681a056214446dfc86,2,Normal(21).jpg,data/raw/ECG_Normal/Normal(21).jpg,data/raw/ECG_Normal/Normal(163).jpg | data/raw/ECG_Normal/Normal(21).jpg
52,3a38287b840c8e3e2fcd079a250bb6d5,8,MI(103).jpg,data/raw/ECG_MI/MI(103).jpg,data/raw/ECG_MI/MI(103).jpg | data/raw/ECG_MI/MI(13).jpg | data/raw/ECG_MI/MI(133).jpg | data/raw/ECG_MI/MI(163).jpg | data/raw/ECG_MI/MI(193).jpg | data/raw/ECG_MI/MI(223).jpg | data/raw/ECG_MI/MI(43).jpg | data/raw/ECG_MI/MI(73).jpg
52,3a38287b840c8e3e2fcd079a250bb6d5,8,MI(13).jpg,data/raw/ECG_MI/MI(13).jpg,data/raw/ECG_MI/MI(103).jpg | data/raw/ECG_MI/MI(13).jpg | data/raw/ECG_MI/MI(133).jpg | data/raw/ECG_MI/MI(163).jpg | data/raw/ECG_MI/MI(193).jpg | data/raw/ECG_MI/MI(223).jpg | data/raw/ECG_MI/MI(43).jpg | data/raw/ECG_MI/MI(73).jpg
52,3a38287b840c8e3e2fcd079a250bb6d5,8,MI(133).jpg,data/raw/ECG_MI/MI(133).jpg,data/raw/ECG_MI/MI(103).jpg | data/raw/ECG_MI/MI(13).jpg | data/raw/ECG_MI/MI(133).jpg | data/raw/ECG_MI/MI(163).jpg | data/raw/ECG_MI/MI(193).jpg | data/raw/ECG_MI/MI(223).jpg | data/raw/ECG_MI/MI(43).jpg | data/raw/ECG_MI/MI(73).jpg
52,3a38287b840c8e3e2fcd079a250bb6d5,8,MI(163).jpg,data/raw/ECG_MI/MI(163).jpg,data/raw/ECG_MI/MI(103).jpg | data/raw/ECG_MI/MI(13).jpg | data/raw/ECG_MI/MI(133).jpg | data/raw/ECG_MI/MI(163).jpg | data/raw/ECG_MI/MI(193).jpg | data/raw/ECG_MI/MI(223).jpg | data/raw/ECG_MI/MI(43).jpg | data/raw/ECG_MI/MI(73).jpg
52,3a38287b840c8e3e2fcd079a250bb6d5,8,MI(193).jpg,data/raw/ECG_MI/MI(193).jpg,data/raw/ECG_MI/MI(103).jpg | data/raw/ECG_MI/MI(13).jpg | data/raw/ECG_MI/MI(133).jpg | data/raw/ECG_MI/MI(163).jpg | data/raw/ECG_MI/MI(193).jpg | data/raw/ECG_MI/MI(223).jpg | data/raw/ECG_MI/MI(43).jpg | data/raw/ECG_MI/MI(73).jpg
52,3a38287b840c8e3e2fcd079a250bb6d5,8,MI(223).jpg,data/raw/ECG_MI/MI(223).jpg,data/raw/ECG_MI/MI(103).jpg | data/raw/ECG_MI/MI(13).jpg | data/raw/ECG_MI/MI(133).jpg | data/raw/ECG_MI/MI(163).jpg | data/raw/ECG_MI/MI(193).jpg | data/raw/ECG_MI/MI(223).jpg | data/raw/ECG_MI/MI(43).jpg | data/raw/ECG_MI/MI(73).jpg
52,3a38287b840c8e3e2fcd079a250bb6d5,8,MI(43).jpg,data/raw/ECG_MI/MI(43).jpg,data/raw/ECG_MI/MI(103).jpg | data/raw/ECG_MI/MI(13).jpg | data/raw/ECG_MI/MI(133).jpg | data/raw/ECG_MI/MI(163).jpg | data/raw/ECG_MI/MI(193).jpg | data/raw/ECG_MI/MI(223).jpg | data/raw/ECG_MI/MI(43).jpg | data/raw/ECG_MI/MI(73).jpg
52,3a38287b840c8e3e2fcd079a250bb6d5,8,MI(73).jpg,data/raw/ECG_MI/MI(73).jpg,data/raw/ECG_MI/MI(103).jpg | data/raw/ECG_MI/MI(13).jpg | data/raw/ECG_MI/MI(133).jpg | data/raw/ECG_MI/MI(163).jpg | data/raw/ECG_MI/MI(193).jpg | data/raw/ECG_MI/MI(223).jpg | data/raw/ECG_MI/MI(43).jpg | data/raw/ECG_MI/MI(73).jpg
53,3a66b546fbcfc121be7453ea358eff60,2,Normal(1).jpg,data/raw/ECG_Normal/Normal(1).jpg,data/raw/ECG_Normal/Normal(1).jpg | data/raw/ECG_Normal/Normal(143).jpg
53,3a66b546fbcfc121be7453ea358eff60,2,Normal(143).jpg,data/raw/ECG_Normal/Normal(143).jpg,data/raw/ECG_Normal/Normal(1).jpg | data/raw/ECG_Normal/Normal(143).jpg
54,3bd19cbad8fdf182d16d549168725284,2,Normal(179).jpg,data/raw/ECG_Normal/Normal(179).jpg,data/raw/ECG_Normal/Normal(179).jpg | data/raw/ECG_Normal/Normal(37).jpg
54,3bd19cbad8fdf182d16d549168725284,2,Normal(37).jpg,data/raw/ECG_Normal/Normal(37).jpg,data/raw/ECG_Normal/Normal(179).jpg | data/raw/ECG_Normal/Normal(37).jpg
55,3c7d3ce95a47a082c14285fab11ec224,2,Normal(13).jpg,data/raw/ECG_Normal/Normal(13).jpg,data/raw/ECG_Normal/Normal(13).jpg | data/raw/ECG_Normal/Normal(155).jpg
55,3c7d3ce95a47a082c14285fab11ec224,2,Normal(155).jpg,data/raw/ECG_Normal/Normal(155).jpg,data/raw/ECG_Normal/Normal(13).jpg | data/raw/ECG_Normal/Normal(155).jpg
56,3e8f3768dcbf98b390f07fdffe8b556d,2,Normal(14).jpg,data/raw/ECG_Normal/Normal(14).jpg,data/raw/ECG_Normal/Normal(14).jpg | data/raw/ECG_Normal/Normal(156).jpg
56,3e8f3768dcbf98b390f07fdffe8b556d,2,Normal(156).jpg,data/raw/ECG_Normal/Normal(156).jpg,data/raw/ECG_Normal/Normal(14).jpg | data/raw/ECG_Normal/Normal(156).jpg
57,403cfcb029d4507633d66efa3d975e23,2,Normal(148).jpg,data/raw/ECG_Normal/Normal(148).jpg,data/raw/ECG_Normal/Normal(148).jpg | data/raw/ECG_Normal/Normal(6).jpg
57,403cfcb029d4507633d66efa3d975e23,2,Normal(6).jpg,data/raw/ECG_Normal/Normal(6).jpg,data/raw/ECG_Normal/Normal(148).jpg | data/raw/ECG_Normal/Normal(6).jpg
58,41bc7dc6473de0d7077ad219122e6784,2,PMI(123).jpg,data/raw/ECG_HistoryMI/PMI(123).jpg,data/raw/ECG_HistoryMI/PMI(123).jpg | data/raw/ECG_HistoryMI/PMI(37).jpg
58,41bc7dc6473de0d7077ad219122e6784,2,PMI(37).jpg,data/raw/ECG_HistoryMI/PMI(37).jpg,data/raw/ECG_HistoryMI/PMI(123).jpg | data/raw/ECG_HistoryMI/PMI(37).jpg
59,42d7c7ca50c23d83cb6ccf1dc1745e1c,2,PMI(101).jpg,data/raw/ECG_HistoryMI/PMI(101).jpg,data/raw/ECG_HistoryMI/PMI(101).jpg | data/raw/ECG_HistoryMI/PMI(15).jpg
59,42d7c7ca50c23d83cb6ccf1dc1745e1c,2,PMI(15).jpg,data/raw/ECG_HistoryMI/PMI(15).jpg,data/raw/ECG_HistoryMI/PMI(101).jpg | data/raw/ECG_HistoryMI/PMI(15).jpg
60,44edeec2196d3aef61bc654c0a507f00,2,Normal(201).jpg,data/raw/ECG_Normal/Normal(201).jpg,data/raw/ECG_Normal/Normal(201).jpg | data/raw/ECG_Normal/Normal(59).jpg
60,44edeec2196d3aef61bc654c0a507f00,2,Normal(59).jpg,data/raw/ECG_Normal/Normal(59).jpg,data/raw/ECG_Normal/Normal(201).jpg | data/raw/ECG_Normal/Normal(59).jpg
61,4575af6748a2f47f1570fabaee948a99,2,Normal(199).jpg,data/raw/ECG_Normal/Normal(199).jpg,data/raw/ECG_Normal/Normal(199).jpg | data/raw/ECG_Normal/Normal(57).jpg
61,4575af6748a2f47f1570fabaee948a99,2,Normal(57).jpg,data/raw/ECG_Normal/Normal(57).jpg,data/raw/ECG_Normal/Normal(199).jpg | data/raw/ECG_Normal/Normal(57).jpg
62,46cb293adbe5626ae5c1ffd8d9d2ba9f,2,PMI(7).jpg,data/raw/ECG_HistoryMI/PMI(7).jpg,data/raw/ECG_HistoryMI/PMI(7).jpg | data/raw/ECG_HistoryMI/PMI(93).jpg
62,46cb293adbe5626ae5c1ffd8d9d2ba9f,2,PMI(93).jpg,data/raw/ECG_HistoryMI/PMI(93).jpg,data/raw/ECG_HistoryMI/PMI(7).jpg | data/raw/ECG_HistoryMI/PMI(93).jpg
63,48199d9cda291157fffd91a7762e2e99,2,Normal(104).jpg,data/raw/ECG_Normal/Normal(104).jpg,data/raw/ECG_Normal/Normal(104).jpg | data/raw/ECG_Normal/Normal(246).jpg
63,48199d9cda291157fffd91a7762e2e99,2,Normal(246).jpg,data/raw/ECG_Normal/Normal(246).jpg,data/raw/ECG_Normal/Normal(104).jpg | data/raw/ECG_Normal/Normal(246).jpg
64,483f3a6a8ea08c4d08640e8ad6b1df9d,2,Normal(114).jpg,data/raw/ECG_Normal/Normal(114).jpg,data/raw/ECG_Normal/Normal(114).jpg | data/raw/ECG_Normal/Normal(256).jpg
64,483f3a6a8ea08c4d08640e8ad6b1df9d,2,Normal(256).jpg,data/raw/ECG_Normal/Normal(256).jpg,data/raw/ECG_Normal/Normal(114).jpg | data/raw/ECG_Normal/Normal(256).jpg
65,489b893b7da1c2c69c3d697586385989,2,Normal(142).jpg,data/raw/ECG_Normal/Normal(142).jpg,data/raw/ECG_Normal/Normal(142).jpg | data/raw/ECG_Normal/Normal(284).jpg
65,489b893b7da1c2c69c3d697586385989,2,Normal(284).jpg,data/raw/ECG_Normal/Normal(284).jpg,data/raw/ECG_Normal/Normal(142).jpg | data/raw/ECG_Normal/Normal(284).jpg
66,495942ed5f2f4a1ca52d76f6ba03158b,2,PMI(135).jpg,data/raw/ECG_HistoryMI/PMI(135).jpg,data/raw/ECG_HistoryMI/PMI(135).jpg | data/raw/ECG_HistoryMI/PMI(49).jpg
66,495942ed5f2f4a1ca52d76f6ba03158b,2,PMI(49).jpg,data/raw/ECG_HistoryMI/PMI(49).jpg,data/raw/ECG_HistoryMI/PMI(135).jpg | data/raw/ECG_HistoryMI/PMI(49).jpg
67,49c03bccd7affb521d462f27619a7abe,2,PMI(129).jpg,data/raw/ECG_HistoryMI/PMI(129).jpg,data/raw/ECG_HistoryMI/PMI(129).jpg | data/raw/ECG_HistoryMI/PMI(43).jpg
67,49c03bccd7affb521d462f27619a7abe,2,PMI(43).jpg,data/raw/ECG_HistoryMI/PMI(43).jpg,data/raw/ECG_HistoryMI/PMI(129).jpg | data/raw/ECG_HistoryMI/PMI(43).jpg
68,49df4d008e445083288a55608754cccc,2,Normal(172).jpg,data/raw/ECG_Normal/Normal(172).jpg,data/raw/ECG_Normal/Normal(172).jpg | data/raw/ECG_Normal/Normal(30).jpg
68,49df4d008e445083288a55608754cccc,2,Normal(30).jpg,data/raw/ECG_Normal/Normal(30).jpg,data/raw/ECG_Normal/Normal(172).jpg | data/raw/ECG_Normal/Normal(30).jpg
69,4a574129f52584fbed342b7fa1fa060c,8,MI(107).jpg,data/raw/ECG_MI/MI(107).jpg,data/raw/ECG_MI/MI(107).jpg | data/raw/ECG_MI/MI(137).jpg | data/raw/ECG_MI/MI(167).jpg | data/raw/ECG_MI/MI(17).jpg | data/raw/ECG_MI/MI(197).jpg | data/raw/ECG_MI/MI(227).jpg | data/raw/ECG_MI/MI(47).jpg | data/raw/ECG_MI/MI(77).jpg
69,4a574129f52584fbed342b7fa1fa060c,8,MI(137).jpg,data/raw/ECG_MI/MI(137).jpg,data/raw/ECG_MI/MI(107).jpg | data/raw/ECG_MI/MI(137).jpg | data/raw/ECG_MI/MI(167).jpg | data/raw/ECG_MI/MI(17).jpg | data/raw/ECG_MI/MI(197).jpg | data/raw/ECG_MI/MI(227).jpg | data/raw/ECG_MI/MI(47).jpg | data/raw/ECG_MI/MI(77).jpg
69,4a574129f52584fbed342b7fa1fa060c,8,MI(167).jpg,data/raw/ECG_MI/MI(167).jpg,data/raw/ECG_MI/MI(107).jpg | data/raw/ECG_MI/MI(137).jpg | data/raw/ECG_MI/MI(167).jpg | data/raw/ECG_MI/MI(17).jpg | data/raw/ECG_MI/MI(197).jpg | data/raw/ECG_MI/MI(227).jpg | data/raw/ECG_MI/MI(47).jpg | data/raw/ECG_MI/MI(77).jpg
69,4a574129f52584fbed342b7fa1fa060c,8,MI(17).jpg,data/raw/ECG_MI/MI(17).jpg,data/raw/ECG_MI/MI(107).jpg | data/raw/ECG_MI/MI(137).jpg | data/raw/ECG_MI/MI(167).jpg | data/raw/ECG_MI/MI(17).jpg | data/raw/ECG_MI/MI(197).jpg | data/raw/ECG_MI/MI(227).jpg | data/raw/ECG_MI/MI(47).jpg | data/raw/ECG_MI/MI(77).jpg
69,4a574129f52584fbed342b7fa1fa060c,8,MI(197).jpg,data/raw/ECG_MI/MI(197).jpg,data/raw/ECG_MI/MI(107).jpg | data/raw/ECG_MI/MI(137).jpg | data/raw/ECG_MI/MI(167).jpg | data/raw/ECG_MI/MI(17).jpg | data/raw/ECG_MI/MI(197).jpg | data/raw/ECG_MI/MI(227).jpg | data/raw/ECG_MI/MI(47).jpg | data/raw/ECG_MI/MI(77).jpg
69,4a574129f52584fbed342b7fa1fa060c,8,MI(227).jpg,data/raw/ECG_MI/MI(227).jpg,data/raw/ECG_MI/MI(107).jpg | data/raw/ECG_MI/MI(137).jpg | data/raw/ECG_MI/MI(167).jpg | data/raw/ECG_MI/MI(17).jpg | data/raw/ECG_MI/MI(197).jpg | data/raw/ECG_MI/MI(227).jpg | data/raw/ECG_MI/MI(47).jpg | data/raw/ECG_MI/MI(77).jpg
69,4a574129f52584fbed342b7fa1fa060c,8,MI(47).jpg,data/raw/ECG_MI/MI(47).jpg,data/raw/ECG_MI/MI(107).jpg | data/raw/ECG_MI/MI(137).jpg | data/raw/ECG_MI/MI(167).jpg | data/raw/ECG_MI/MI(17).jpg | data/raw/ECG_MI/MI(197).jpg | data/raw/ECG_MI/MI(227).jpg | data/raw/ECG_MI/MI(47).jpg | data/raw/ECG_MI/MI(77).jpg
69,4a574129f52584fbed342b7fa1fa060c,8,MI(77).jpg,data/raw/ECG_MI/MI(77).jpg,data/raw/ECG_MI/MI(107).jpg | data/raw/ECG_MI/MI(137).jpg | data/raw/ECG_MI/MI(167).jpg | data/raw/ECG_MI/MI(17).jpg | data/raw/ECG_MI/MI(197).jpg | data/raw/ECG_MI/MI(227).jpg | data/raw/ECG_MI/MI(47).jpg | data/raw/ECG_MI/MI(77).jpg
70,4a6c0f34206233235b99a60c4a3f4fa0,2,Normal(120).jpg,data/raw/ECG_Normal/Normal(120).jpg,data/raw/ECG_Normal/Normal(120).jpg | data/raw/ECG_Normal/Normal(262).jpg
70,4a6c0f34206233235b99a60c4a3f4fa0,2,Normal(262).jpg,data/raw/ECG_Normal/Normal(262).jpg,data/raw/ECG_Normal/Normal(120).jpg | data/raw/ECG_Normal/Normal(262).jpg
71,4a77d24bf790b60a39fdc217f4b7c965,2,Normal(197).jpg,data/raw/ECG_Normal/Normal(197).jpg,data/raw/ECG_Normal/Normal(197).jpg | data/raw/ECG_Normal/Normal(55).jpg
71,4a77d24bf790b60a39fdc217f4b7c965,2,Normal(55).jpg,data/raw/ECG_Normal/Normal(55).jpg,data/raw/ECG_Normal/Normal(197).jpg | data/raw/ECG_Normal/Normal(55).jpg
72,4adcd32892713c76e95efe785a00f55d,8,MI(116).jpg,data/raw/ECG_MI/MI(116).jpg,data/raw/ECG_MI/MI(116).jpg | data/raw/ECG_MI/MI(146).jpg | data/raw/ECG_MI/MI(176).jpg | data/raw/ECG_MI/MI(206).jpg | data/raw/ECG_MI/MI(236).jpg | data/raw/ECG_MI/MI(26).jpg | data/raw/ECG_MI/MI(56).jpg | data/raw/ECG_MI/MI(86).jpg
72,4adcd32892713c76e95efe785a00f55d,8,MI(146).jpg,data/raw/ECG_MI/MI(146).jpg,data/raw/ECG_MI/MI(116).jpg | data/raw/ECG_MI/MI(146).jpg | data/raw/ECG_MI/MI(176).jpg | data/raw/ECG_MI/MI(206).jpg | data/raw/ECG_MI/MI(236).jpg | data/raw/ECG_MI/MI(26).jpg | data/raw/ECG_MI/MI(56).jpg | data/raw/ECG_MI/MI(86).jpg
72,4adcd32892713c76e95efe785a00f55d,8,MI(176).jpg,data/raw/ECG_MI/MI(176).jpg,data/raw/ECG_MI/MI(116).jpg | data/raw/ECG_MI/MI(146).jpg | data/raw/ECG_MI/MI(176).jpg | data/raw/ECG_MI/MI(206).jpg | data/raw/ECG_MI/MI(236).jpg | data/raw/ECG_MI/MI(26).jpg | data/raw/ECG_MI/MI(56).jpg | data/raw/ECG_MI/MI(86).jpg
72,4adcd32892713c76e95efe785a00f55d,8,MI(206).jpg,data/raw/ECG_MI/MI(206).jpg,data/raw/ECG_MI/MI(116).jpg | data/raw/ECG_MI/MI(146).jpg | data/raw/ECG_MI/MI(176).jpg | data/raw/ECG_MI/MI(206).jpg | data/raw/ECG_MI/MI(236).jpg | data/raw/ECG_MI/MI(26).jpg | data/raw/ECG_MI/MI(56).jpg | data/raw/ECG_MI/MI(86).jpg
72,4adcd32892713c76e95efe785a00f55d,8,MI(236).jpg,data/raw/ECG_MI/MI(236).jpg,data/raw/ECG_MI/MI(116).jpg | data/raw/ECG_MI/MI(146).jpg | data/raw/ECG_MI/MI(176).jpg | data/raw/ECG_MI/MI(206).jpg | data/raw/ECG_MI/MI(236).jpg | data/raw/ECG_MI/MI(26).jpg | data/raw/ECG_MI/MI(56).jpg | data/raw/ECG_MI/MI(86).jpg
72,4adcd32892713c76e95efe785a00f55d,8,MI(26).jpg,data/raw/ECG_MI/MI(26).jpg,data/raw/ECG_MI/MI(116).jpg | data/raw/ECG_MI/MI(146).jpg | data/raw/ECG_MI/MI(176).jpg | data/raw/ECG_MI/MI(206).jpg | data/raw/ECG_MI/MI(236).jpg | data/raw/ECG_MI/MI(26).jpg | data/raw/ECG_MI/MI(56).jpg | data/raw/ECG_MI/MI(86).jpg
72,4adcd32892713c76e95efe785a00f55d,8,MI(56).jpg,data/raw/ECG_MI/MI(56).jpg,data/raw/ECG_MI/MI(116).jpg | data/raw/ECG_MI/MI(146).jpg | data/raw/ECG_MI/MI(176).jpg | data/raw/ECG_MI/MI(206).jpg | data/raw/ECG_MI/MI(236).jpg | data/raw/ECG_MI/MI(26).jpg | data/raw/ECG_MI/MI(56).jpg | data/raw/ECG_MI/MI(86).jpg
72,4adcd32892713c76e95efe785a00f55d,8,MI(86).jpg,data/raw/ECG_MI/MI(86).jpg,data/raw/ECG_MI/MI(116).jpg | data/raw/ECG_MI/MI(146).jpg | data/raw/ECG_MI/MI(176).jpg | data/raw/ECG_MI/MI(206).jpg | data/raw/ECG_MI/MI(236).jpg | data/raw/ECG_MI/MI(26).jpg | data/raw/ECG_MI/MI(56).jpg | data/raw/ECG_MI/MI(86).jpg
73,4c3dc554397c7fc6c2173c69e738c4fd,2,Normal(236).jpg,data/raw/ECG_Normal/Normal(236).jpg,data/raw/ECG_Normal/Normal(236).jpg | data/raw/ECG_Normal/Normal(94).jpg
73,4c3dc554397c7fc6c2173c69e738c4fd,2,Normal(94).jpg,data/raw/ECG_Normal/Normal(94).jpg,data/raw/ECG_Normal/Normal(236).jpg | data/raw/ECG_Normal/Normal(94).jpg
74,4c7e5f3258ad5e25489473a0df56e947,2,PMI(128).jpg,data/raw/ECG_HistoryMI/PMI(128).jpg,data/raw/ECG_HistoryMI/PMI(128).jpg | data/raw/ECG_HistoryMI/PMI(42).jpg
74,4c7e5f3258ad5e25489473a0df56e947,2,PMI(42).jpg,data/raw/ECG_HistoryMI/PMI(42).jpg,data/raw/ECG_HistoryMI/PMI(128).jpg | data/raw/ECG_HistoryMI/PMI(42).jpg
75,4d67348455729e70e0963e38930ca275,2,Normal(119).jpg,data/raw/ECG_Normal/Normal(119).jpg,data/raw/ECG_Normal/Normal(119).jpg | data/raw/ECG_Normal/Normal(261).jpg
75,4d67348455729e70e0963e38930ca275,2,Normal(261).jpg,data/raw/ECG_Normal/Normal(261).jpg,data/raw/ECG_Normal/Normal(119).jpg | data/raw/ECG_Normal/Normal(261).jpg
76,4dacf9629d13c5810c1c9df9c96464c6,2,Normal(219).jpg,data/raw/ECG_Normal/Normal(219).jpg,data/raw/ECG_Normal/Normal(219).jpg | data/raw/ECG_Normal/Normal(77).jpg
76,4dacf9629d13c5810c1c9df9c96464c6,2,Normal(77).jpg,data/raw/ECG_Normal/Normal(77).jpg,data/raw/ECG_Normal/Normal(219).jpg | data/raw/ECG_Normal/Normal(77).jpg
77,4df9af3adc56dda41f63521072fd7735,2,PMI(140).jpg,data/raw/ECG_HistoryMI/PMI(140).jpg,data/raw/ECG_HistoryMI/PMI(140).jpg | data/raw/ECG_HistoryMI/PMI(54).jpg
77,4df9af3adc56dda41f63521072fd7735,2,PMI(54).jpg,data/raw/ECG_HistoryMI/PMI(54).jpg,data/raw/ECG_HistoryMI/PMI(140).jpg | data/raw/ECG_HistoryMI/PMI(54).jpg
78,4f1876693f20812583730f64b5f87ae4,2,PMI(147).jpg,data/raw/ECG_HistoryMI/PMI(147).jpg,data/raw/ECG_HistoryMI/PMI(147).jpg | data/raw/ECG_HistoryMI/PMI(61).jpg
78,4f1876693f20812583730f64b5f87ae4,2,PMI(61).jpg,data/raw/ECG_HistoryMI/PMI(61).jpg,data/raw/ECG_HistoryMI/PMI(147).jpg | data/raw/ECG_HistoryMI/PMI(61).jpg
79,4fd91427eb1b06d6b990d4387734f04a,2,PMI(2).jpg,data/raw/ECG_HistoryMI/PMI(2).jpg,data/raw/ECG_HistoryMI/PMI(2).jpg | data/raw/ECG_HistoryMI/PMI(88).jpg
79,4fd91427eb1b06d6b990d4387734f04a,2,PMI(88).jpg,data/raw/ECG_HistoryMI/PMI(88).jpg,data/raw/ECG_HistoryMI/PMI(2).jpg | data/raw/ECG_HistoryMI/PMI(88).jpg
80,4fe39b9643b3c6478e71510a7e494fd1,2,PMI(130).jpg,data/raw/ECG_HistoryMI/PMI(130).jpg,data/raw/ECG_HistoryMI/PMI(130).jpg | data/raw/ECG_HistoryMI/PMI(44).jpg
80,4fe39b9643b3c6478e71510a7e494fd1,2,PMI(44).jpg,data/raw/ECG_HistoryMI/PMI(44).jpg,data/raw/ECG_HistoryMI/PMI(130).jpg | data/raw/ECG_HistoryMI/PMI(44).jpg
81,5142a7db4cf9ae530e254e33bce2d247,2,Normal(112).jpg,data/raw/ECG_Normal/Normal(112).jpg,data/raw/ECG_Normal/Normal(112).jpg | data/raw/ECG_Normal/Normal(254).jpg
81,5142a7db4cf9ae530e254e33bce2d247,2,Normal(254).jpg,data/raw/ECG_Normal/Normal(254).jpg,data/raw/ECG_Normal/Normal(112).jpg | data/raw/ECG_Normal/Normal(254).jpg
82,5322d0a46e003682a92b83f7e86eb0b2,2,PMI(143).jpg,data/raw/ECG_HistoryMI/PMI(143).jpg,data/raw/ECG_HistoryMI/PMI(143).jpg | data/raw/ECG_HistoryMI/PMI(57).jpg
82,5322d0a46e003682a92b83f7e86eb0b2,2,PMI(57).jpg,data/raw/ECG_HistoryMI/PMI(57).jpg,data/raw/ECG_HistoryMI/PMI(143).jpg | data/raw/ECG_HistoryMI/PMI(57).jpg
83,547190cf8baba32c216385669983dbf0,2,Normal(141).jpg,data/raw/ECG_Normal/Normal(141).jpg,data/raw/ECG_Normal/Normal(141).jpg | data/raw/ECG_Normal/Normal(283).jpg
83,547190cf8baba32c216385669983dbf0,2,Normal(283).jpg,data/raw/ECG_Normal/Normal(283).jpg,data/raw/ECG_Normal/Normal(141).jpg | data/raw/ECG_Normal/Normal(283).jpg
84,5671b390fdbcbd6874405974a4e043f2,2,PMI(104).jpg,data/raw/ECG_HistoryMI/PMI(104).jpg,data/raw/ECG_HistoryMI/PMI(104).jpg | data/raw/ECG_HistoryMI/PMI(18).jpg
84,5671b390fdbcbd6874405974a4e043f2,2,PMI(18).jpg,data/raw/ECG_HistoryMI/PMI(18).jpg,data/raw/ECG_HistoryMI/PMI(104).jpg | data/raw/ECG_HistoryMI/PMI(18).jpg
85,59610aef0e3d90b09e538464a3f74332,2,PMI(124).jpg,data/raw/ECG_HistoryMI/PMI(124).jpg,data/raw/ECG_HistoryMI/PMI(124).jpg | data/raw/ECG_HistoryMI/PMI(38).jpg
85,59610aef0e3d90b09e538464a3f74332,2,PMI(38).jpg,data/raw/ECG_HistoryMI/PMI(38).jpg,data/raw/ECG_HistoryMI/PMI(124).jpg | data/raw/ECG_HistoryMI/PMI(38).jpg
86,5defaaef1212836cd8ed7e7b4a1086ec,2,Normal(202).jpg,data/raw/ECG_Normal/Normal(202).jpg,data/raw/ECG_Normal/Normal(202).jpg | data/raw/ECG_Normal/Normal(60).jpg
86,5defaaef1212836cd8ed7e7b4a1086ec,2,Normal(60).jpg,data/raw/ECG_Normal/Normal(60).jpg,data/raw/ECG_Normal/Normal(202).jpg | data/raw/ECG_Normal/Normal(60).jpg
87,6141f0885f61fe8c43234963894ec9ff,2,Normal(220).jpg,data/raw/ECG_Normal/Normal(220).jpg,data/raw/ECG_Normal/Normal(220).jpg | data/raw/ECG_Normal/Normal(78).jpg
87,6141f0885f61fe8c43234963894ec9ff,2,Normal(78).jpg,data/raw/ECG_Normal/Normal(78).jpg,data/raw/ECG_Normal/Normal(220).jpg | data/raw/ECG_Normal/Normal(78).jpg
88,626931b9a2eecc9cea620dd50dfa81c3,2,Normal(121).jpg,data/raw/ECG_Normal/Normal(121).jpg,data/raw/ECG_Normal/Normal(121).jpg | data/raw/ECG_Normal/Normal(263).jpg
88,626931b9a2eecc9cea620dd50dfa81c3,2,Normal(263).jpg,data/raw/ECG_Normal/Normal(263).jpg,data/raw/ECG_Normal/Normal(121).jpg | data/raw/ECG_Normal/Normal(263).jpg
89,632c312cc31020cb00114b8b0c1f260b,2,Normal(185).jpg,data/raw/ECG_Normal/Normal(185).jpg,data/raw/ECG_Normal/Normal(185).jpg | data/raw/ECG_Normal/Normal(43).jpg
89,632c312cc31020cb00114b8b0c1f260b,2,Normal(43).jpg,data/raw/ECG_Normal/Normal(43).jpg,data/raw/ECG_Normal/Normal(185).jpg | data/raw/ECG_Normal/Normal(43).jpg
90,646047690c859e81251539f56f7e26c8,2,Normal(126).jpg,data/raw/ECG_Normal/Normal(126).jpg,data/raw/ECG_Normal/Normal(126).jpg | data/raw/ECG_Normal/Normal(268).jpg
90,646047690c859e81251539f56f7e26c8,2,Normal(268).jpg,data/raw/ECG_Normal/Normal(268).jpg,data/raw/ECG_Normal/Normal(126).jpg | data/raw/ECG_Normal/Normal(268).jpg
91,64a7f0685575bc12397aa2972b04b22a,2,PMI(153).jpg,data/raw/ECG_HistoryMI/PMI(153).jpg,data/raw/ECG_HistoryMI/PMI(153).jpg | data/raw/ECG_HistoryMI/PMI(67).jpg
91,64a7f0685575bc12397aa2972b04b22a,2,PMI(67).jpg,data/raw/ECG_HistoryMI/PMI(67).jpg,data/raw/ECG_HistoryMI/PMI(153).jpg | data/raw/ECG_HistoryMI/PMI(67).jpg
92,651cf81b3f73752840c3f53ad7ff8c5d,2,Normal(139).jpg,data/raw/ECG_Normal/Normal(139).jpg,data/raw/ECG_Normal/Normal(139).jpg | data/raw/ECG_Normal/Normal(281).jpg
92,651cf81b3f73752840c3f53ad7ff8c5d,2,Normal(281).jpg,data/raw/ECG_Normal/Normal(281).jpg,data/raw/ECG_Normal/Normal(139).jpg | data/raw/ECG_Normal/Normal(281).jpg
93,6545601aa76f6ddb5a9214caaba0250b,2,Normal(113).jpg,data/raw/ECG_Normal/Normal(113).jpg,data/raw/ECG_Normal/Normal(113).jpg | data/raw/ECG_Normal/Normal(255).jpg
93,6545601aa76f6ddb5a9214caaba0250b,2,Normal(255).jpg,data/raw/ECG_Normal/Normal(255).jpg,data/raw/ECG_Normal/Normal(113).jpg | data/raw/ECG_Normal/Normal(255).jpg
94,65ea05bb0560135565fdc8267247cf11,2,Normal(11).jpg,data/raw/ECG_Normal/Normal(11).jpg,data/raw/ECG_Normal/Normal(11).jpg | data/raw/ECG_Normal/Normal(153).jpg
94,65ea05bb0560135565fdc8267247cf11,2,Normal(153).jpg,data/raw/ECG_Normal/Normal(153).jpg,data/raw/ECG_Normal/Normal(11).jpg | data/raw/ECG_Normal/Normal(153).jpg
95,667da86d8978b768815b3c0ee56aa2b9,2,PMI(100).jpg,data/raw/ECG_HistoryMI/PMI(100).jpg,data/raw/ECG_HistoryMI/PMI(100).jpg | data/raw/ECG_HistoryMI/PMI(14).jpg
95,667da86d8978b768815b3c0ee56aa2b9,2,PMI(14).jpg,data/raw/ECG_HistoryMI/PMI(14).jpg,data/raw/ECG_HistoryMI/PMI(100).jpg | data/raw/ECG_HistoryMI/PMI(14).jpg
96,66f577a28d75cebade6afbdb909048d1,8,MI(114).jpg,data/raw/ECG_MI/MI(114).jpg,data/raw/ECG_MI/MI(114).jpg | data/raw/ECG_MI/MI(144).jpg | data/raw/ECG_MI/MI(174).jpg | data/raw/ECG_MI/MI(204).jpg | data/raw/ECG_MI/MI(234).jpg | data/raw/ECG_MI/MI(24).jpg | data/raw/ECG_MI/MI(54).jpg | data/raw/ECG_MI/MI(84).jpg
96,66f577a28d75cebade6afbdb909048d1,8,MI(144).jpg,data/raw/ECG_MI/MI(144).jpg,data/raw/ECG_MI/MI(114).jpg | data/raw/ECG_MI/MI(144).jpg | data/raw/ECG_MI/MI(174).jpg | data/raw/ECG_MI/MI(204).jpg | data/raw/ECG_MI/MI(234).jpg | data/raw/ECG_MI/MI(24).jpg | data/raw/ECG_MI/MI(54).jpg | data/raw/ECG_MI/MI(84).jpg
96,66f577a28d75cebade6afbdb909048d1,8,MI(174).jpg,data/raw/ECG_MI/MI(174).jpg,data/raw/ECG_MI/MI(114).jpg | data/raw/ECG_MI/MI(144).jpg | data/raw/ECG_MI/MI(174).jpg | data/raw/ECG_MI/MI(204).jpg | data/raw/ECG_MI/MI(234).jpg | data/raw/ECG_MI/MI(24).jpg | data/raw/ECG_MI/MI(54).jpg | data/raw/ECG_MI/MI(84).jpg
96,66f577a28d75cebade6afbdb909048d1,8,MI(204).jpg,data/raw/ECG_MI/MI(204).jpg,data/raw/ECG_MI/MI(114).jpg | data/raw/ECG_MI/MI(144).jpg | data/raw/ECG_MI/MI(174).jpg | data/raw/ECG_MI/MI(204).jpg | data/raw/ECG_MI/MI(234).jpg | data/raw/ECG_MI/MI(24).jpg | data/raw/ECG_MI/MI(54).jpg | data/raw/ECG_MI/MI(84).jpg
96,66f577a28d75cebade6afbdb909048d1,8,MI(234).jpg,data/raw/ECG_MI/MI(234).jpg,data/raw/ECG_MI/MI(114).jpg | data/raw/ECG_MI/MI(144).jpg | data/raw/ECG_MI/MI(174).jpg | data/raw/ECG_MI/MI(204).jpg | data/raw/ECG_MI/MI(234).jpg | data/raw/ECG_MI/MI(24).jpg | data/raw/ECG_MI/MI(54).jpg | data/raw/ECG_MI/MI(84).jpg
96,66f577a28d75cebade6afbdb909048d1,8,MI(24).jpg,data/raw/ECG_MI/MI(24).jpg,data/raw/ECG_MI/MI(114).jpg | data/raw/ECG_MI/MI(144).jpg | data/raw/ECG_MI/MI(174).jpg | data/raw/ECG_MI/MI(204).jpg | data/raw/ECG_MI/MI(234).jpg | data/raw/ECG_MI/MI(24).jpg | data/raw/ECG_MI/MI(54).jpg | data/raw/ECG_MI/MI(84).jpg
96,66f577a28d75cebade6afbdb909048d1,8,MI(54).jpg,data/raw/ECG_MI/MI(54).jpg,data/raw/ECG_MI/MI(114).jpg | data/raw/ECG_MI/MI(144).jpg | data/raw/ECG_MI/MI(174).jpg | data/raw/ECG_MI/MI(204).jpg | data/raw/ECG_MI/MI(234).jpg | data/raw/ECG_MI/MI(24).jpg | data/raw/ECG_MI/MI(54).jpg | data/raw/ECG_MI/MI(84).jpg
96,66f577a28d75cebade6afbdb909048d1,8,MI(84).jpg,data/raw/ECG_MI/MI(84).jpg,data/raw/ECG_MI/MI(114).jpg | data/raw/ECG_MI/MI(144).jpg | data/raw/ECG_MI/MI(174).jpg | data/raw/ECG_MI/MI(204).jpg | data/raw/ECG_MI/MI(234).jpg | data/raw/ECG_MI/MI(24).jpg | data/raw/ECG_MI/MI(54).jpg | data/raw/ECG_MI/MI(84).jpg
97,687b9242cd4bb16f4a1ecbac7962ebc5,2,Normal(151).jpg,data/raw/ECG_Normal/Normal(151).jpg,data/raw/ECG_Normal/Normal(151).jpg | data/raw/ECG_Normal/Normal(9).jpg
97,687b9242cd4bb16f4a1ecbac7962ebc5,2,Normal(9).jpg,data/raw/ECG_Normal/Normal(9).jpg,data/raw/ECG_Normal/Normal(151).jpg | data/raw/ECG_Normal/Normal(9).jpg
98,6ae85b70ea7b3934871696afa0fd3e07,2,Normal(103).jpg,data/raw/ECG_Normal/Normal(103).jpg,data/raw/ECG_Normal/Normal(103).jpg | data/raw/ECG_Normal/Normal(245).jpg
98,6ae85b70ea7b3934871696afa0fd3e07,2,Normal(245).jpg,data/raw/ECG_Normal/Normal(245).jpg,data/raw/ECG_Normal/Normal(103).jpg | data/raw/ECG_Normal/Normal(245).jpg
99,6b8a8a90efda967f0b8ffe9367ea8745,2,PMI(102).jpg,data/raw/ECG_HistoryMI/PMI(102).jpg,data/raw/ECG_HistoryMI/PMI(102).jpg | data/raw/ECG_HistoryMI/PMI(16).jpg
99,6b8a8a90efda967f0b8ffe9367ea8745,2,PMI(16).jpg,data/raw/ECG_HistoryMI/PMI(16).jpg,data/raw/ECG_HistoryMI/PMI(102).jpg | data/raw/ECG_HistoryMI/PMI(16).jpg
100,6b8eed5b97a304e152380aa7647913fe,2,PMI(125).jpg,data/raw/ECG_HistoryMI/PMI(125).jpg,data/raw/ECG_HistoryMI/PMI(125).jpg | data/raw/ECG_HistoryMI/PMI(39).jpg
100,6b8eed5b97a304e152380aa7647913fe,2,PMI(39).jpg,data/raw/ECG_HistoryMI/PMI(39).jpg,data/raw/ECG_HistoryMI/PMI(125).jpg | data/raw/ECG_HistoryMI/PMI(39).jpg
101,6bbde514eac544ef2b264ea680cf0e15,2,PMI(134).jpg,data/raw/ECG_HistoryMI/PMI(134).jpg,data/raw/ECG_HistoryMI/PMI(134).jpg | data/raw/ECG_HistoryMI/PMI(48).jpg
101,6bbde514eac544ef2b264ea680cf0e15,2,PMI(48).jpg,data/raw/ECG_HistoryMI/PMI(48).jpg,data/raw/ECG_HistoryMI/PMI(134).jpg | data/raw/ECG_HistoryMI/PMI(48).jpg
102,6e72944d75757ce6948b05b41011a8e0,2,Normal(158).jpg,data/raw/ECG_Normal/Normal(158).jpg,data/raw/ECG_Normal/Normal(158).jpg | data/raw/ECG_Normal/Normal(16).jpg
102,6e72944d75757ce6948b05b41011a8e0,2,Normal(16).jpg,data/raw/ECG_Normal/Normal(16).jpg,data/raw/ECG_Normal/Normal(158).jpg | data/raw/ECG_Normal/Normal(16).jpg
103,7176d41c654cd3c55fb61391164182f1,2,Normal(192).jpg,data/raw/ECG_Normal/Normal(192).jpg,data/raw/ECG_Normal/Normal(192).jpg | data/raw/ECG_Normal/Normal(50).jpg
103,7176d41c654cd3c55fb61391164182f1,2,Normal(50).jpg,data/raw/ECG_Normal/Normal(50).jpg,data/raw/ECG_Normal/Normal(192).jpg | data/raw/ECG_Normal/Normal(50).jpg
104,734909c8f141e91d57958646ce8891fc,2,PMI(103).jpg,data/raw/ECG_HistoryMI/PMI(103).jpg,data/raw/ECG_HistoryMI/PMI(103).jpg | data/raw/ECG_HistoryMI/PMI(17).jpg
104,734909c8f141e91d57958646ce8891fc,2,PMI(17).jpg,data/raw/ECG_HistoryMI/PMI(17).jpg,data/raw/ECG_HistoryMI/PMI(103).jpg | data/raw/ECG_HistoryMI/PMI(17).jpg
105,74f5b0e3e7d91ea36e9e61ec71475aba,2,Normal(210).jpg,data/raw/ECG_Normal/Normal(210).jpg,data/raw/ECG_Normal/Normal(210).jpg | data/raw/ECG_Normal/Normal(68).jpg
105,74f5b0e3e7d91ea36e9e61ec71475aba,2,Normal(68).jpg,data/raw/ECG_Normal/Normal(68).jpg,data/raw/ECG_Normal/Normal(210).jpg | data/raw/ECG_Normal/Normal(68).jpg
106,74f99d881b3dc8c320cfb07709c0cb53,2,PMI(133).jpg,data/raw/ECG_HistoryMI/PMI(133).jpg,data/raw/ECG_HistoryMI/PMI(133).jpg | data/raw/ECG_HistoryMI/PMI(47).jpg
106,74f99d881b3dc8c320cfb07709c0cb53,2,PMI(47).jpg,data/raw/ECG_HistoryMI/PMI(47).jpg,data/raw/ECG_HistoryMI/PMI(133).jpg | data/raw/ECG_HistoryMI/PMI(47).jpg
107,75c238cafcf29c81814ab8799838fb4a,2,Normal(125).jpg,data/raw/ECG_Normal/Normal(125).jpg,data/raw/ECG_Normal/Normal(125).jpg | data/raw/ECG_Normal/Normal(267).jpg
107,75c238cafcf29c81814ab8799838fb4a,2,Normal(267).jpg,data/raw/ECG_Normal/Normal(267).jpg,data/raw/ECG_Normal/Normal(125).jpg | data/raw/ECG_Normal/Normal(267).jpg
108,7735099048409ffcce2e5347bf76ee23,2,Normal(207).jpg,data/raw/ECG_Normal/Normal(207).jpg,data/raw/ECG_Normal/Normal(207).jpg | data/raw/ECG_Normal/Normal(65).jpg
108,7735099048409ffcce2e5347bf76ee23,2,Normal(65).jpg,data/raw/ECG_Normal/Normal(65).jpg,data/raw/ECG_Normal/Normal(207).jpg | data/raw/ECG_Normal/Normal(65).jpg
109,7744fb5a62fa86750b055e82f05cd48e,2,PMI(120).jpg,data/raw/ECG_HistoryMI/PMI(120).jpg,data/raw/ECG_HistoryMI/PMI(120).jpg | data/raw/ECG_HistoryMI/PMI(34).jpg
109,7744fb5a62fa86750b055e82f05cd48e,2,PMI(34).jpg,data/raw/ECG_HistoryMI/PMI(34).jpg,data/raw/ECG_HistoryMI/PMI(120).jpg | data/raw/ECG_HistoryMI/PMI(34).jpg
110,7779d91a83538b207c45e6a0e99c0666,2,PMI(4).jpg,data/raw/ECG_HistoryMI/PMI(4).jpg,data/raw/ECG_HistoryMI/PMI(4).jpg | data/raw/ECG_HistoryMI/PMI(90).jpg
110,7779d91a83538b207c45e6a0e99c0666,2,PMI(90).jpg,data/raw/ECG_HistoryMI/PMI(90).jpg,data/raw/ECG_HistoryMI/PMI(4).jpg | data/raw/ECG_HistoryMI/PMI(90).jpg
111,7ac742390a252924bb82ca6b052cca40,2,PMI(146).jpg,data/raw/ECG_HistoryMI/PMI(146).jpg,data/raw/ECG_HistoryMI/PMI(146).jpg | data/raw/ECG_HistoryMI/PMI(60).jpg
111,7ac742390a252924bb82ca6b052cca40,2,PMI(60).jpg,data/raw/ECG_HistoryMI/PMI(60).jpg,data/raw/ECG_HistoryMI/PMI(146).jpg | data/raw/ECG_HistoryMI/PMI(60).jpg
112,7b06654e3573ef7c0c3ed26847872772,2,Normal(222).jpg,data/raw/ECG_Normal/Normal(222).jpg,data/raw/ECG_Normal/Normal(222).jpg | data/raw/ECG_Normal/Normal(80).jpg
112,7b06654e3573ef7c0c3ed26847872772,2,Normal(80).jpg,data/raw/ECG_Normal/Normal(80).jpg,data/raw/ECG_Normal/Normal(222).jpg | data/raw/ECG_Normal/Normal(80).jpg
113,7ee6d52484a16a16366f979494d7765b,2,PMI(119).jpg,data/raw/ECG_HistoryMI/PMI(119).jpg,data/raw/ECG_HistoryMI/PMI(119).jpg | data/raw/ECG_HistoryMI/PMI(33).jpg
113,7ee6d52484a16a16366f979494d7765b,2,PMI(33).jpg,data/raw/ECG_HistoryMI/PMI(33).jpg,data/raw/ECG_HistoryMI/PMI(119).jpg | data/raw/ECG_HistoryMI/PMI(33).jpg
114,7f69dbb05fb4c64ea19cf587d383952e,2,Normal(102).jpg,data/raw/ECG_Normal/Normal(102).jpg,data/raw/ECG_Normal/Normal(102).jpg | data/raw/ECG_Normal/Normal(244).jpg
114,7f69dbb05fb4c64ea19cf587d383952e,2,Normal(244).jpg,data/raw/ECG_Normal/Normal(244).jpg,data/raw/ECG_Normal/Normal(102).jpg | data/raw/ECG_Normal/Normal(244).jpg
115,7f8ac98c99e1c3a4c78c4544d45e9944,2,Normal(108).jpg,data/raw/ECG_Normal/Normal(108).jpg,data/raw/ECG_Normal/Normal(108).jpg | data/raw/ECG_Normal/Normal(250).jpg
115,7f8ac98c99e1c3a4c78c4544d45e9944,2,Normal(250).jpg,data/raw/ECG_Normal/Normal(250).jpg,data/raw/ECG_Normal/Normal(108).jpg | data/raw/ECG_Normal/Normal(250).jpg
116,82526f280cb412455887b70bc84d2e69,8,MI(113).jpg,data/raw/ECG_MI/MI(113).jpg,data/raw/ECG_MI/MI(113).jpg | data/raw/ECG_MI/MI(143).jpg | data/raw/ECG_MI/MI(173).jpg | data/raw/ECG_MI/MI(203).jpg | data/raw/ECG_MI/MI(23).jpg | data/raw/ECG_MI/MI(233).jpg | data/raw/ECG_MI/MI(53).jpg | data/raw/ECG_MI/MI(83).jpg
116,82526f280cb412455887b70bc84d2e69,8,MI(143).jpg,data/raw/ECG_MI/MI(143).jpg,data/raw/ECG_MI/MI(113).jpg | data/raw/ECG_MI/MI(143).jpg | data/raw/ECG_MI/MI(173).jpg | data/raw/ECG_MI/MI(203).jpg | data/raw/ECG_MI/MI(23).jpg | data/raw/ECG_MI/MI(233).jpg | data/raw/ECG_MI/MI(53).jpg | data/raw/ECG_MI/MI(83).jpg
116,82526f280cb412455887b70bc84d2e69,8,MI(173).jpg,data/raw/ECG_MI/MI(173).jpg,data/raw/ECG_MI/MI(113).jpg | data/raw/ECG_MI/MI(143).jpg | data/raw/ECG_MI/MI(173).jpg | data/raw/ECG_MI/MI(203).jpg | data/raw/ECG_MI/MI(23).jpg | data/raw/ECG_MI/MI(233).jpg | data/raw/ECG_MI/MI(53).jpg | data/raw/ECG_MI/MI(83).jpg
116,82526f280cb412455887b70bc84d2e69,8,MI(203).jpg,data/raw/ECG_MI/MI(203).jpg,data/raw/ECG_MI/MI(113).jpg | data/raw/ECG_MI/MI(143).jpg | data/raw/ECG_MI/MI(173).jpg | data/raw/ECG_MI/MI(203).jpg | data/raw/ECG_MI/MI(23).jpg | data/raw/ECG_MI/MI(233).jpg | data/raw/ECG_MI/MI(53).jpg | data/raw/ECG_MI/MI(83).jpg
116,82526f280cb412455887b70bc84d2e69,8,MI(23).jpg,data/raw/ECG_MI/MI(23).jpg,data/raw/ECG_MI/MI(113).jpg | data/raw/ECG_MI/MI(143).jpg | data/raw/ECG_MI/MI(173).jpg | data/raw/ECG_MI/MI(203).jpg | data/raw/ECG_MI/MI(23).jpg | data/raw/ECG_MI/MI(233).jpg | data/raw/ECG_MI/MI(53).jpg | data/raw/ECG_MI/MI(83).jpg
116,82526f280cb412455887b70bc84d2e69,8,MI(233).jpg,data/raw/ECG_MI/MI(233).jpg,data/raw/ECG_MI/MI(113).jpg | data/raw/ECG_MI/MI(143).jpg | data/raw/ECG_MI/MI(173).jpg | data/raw/ECG_MI/MI(203).jpg | data/raw/ECG_MI/MI(23).jpg | data/raw/ECG_MI/MI(233).jpg | data/raw/ECG_MI/MI(53).jpg | data/raw/ECG_MI/MI(83).jpg
116,82526f280cb412455887b70bc84d2e69,8,MI(53).jpg,data/raw/ECG_MI/MI(53).jpg,data/raw/ECG_MI/MI(113).jpg | data/raw/ECG_MI/MI(143).jpg | data/raw/ECG_MI/MI(173).jpg | data/raw/ECG_MI/MI(203).jpg | data/raw/ECG_MI/MI(23).jpg | data/raw/ECG_MI/MI(233).jpg | data/raw/ECG_MI/MI(53).jpg | data/raw/ECG_MI/MI(83).jpg
116,82526f280cb412455887b70bc84d2e69,8,MI(83).jpg,data/raw/ECG_MI/MI(83).jpg,data/raw/ECG_MI/MI(113).jpg | data/raw/ECG_MI/MI(143).jpg | data/raw/ECG_MI/MI(173).jpg | data/raw/ECG_MI/MI(203).jpg | data/raw/ECG_MI/MI(23).jpg | data/raw/ECG_MI/MI(233).jpg | data/raw/ECG_MI/MI(53).jpg | data/raw/ECG_MI/MI(83).jpg
117,828c0dd62b2e7bc34351351bb44635b0,2,Normal(221).jpg,data/raw/ECG_Normal/Normal(221).jpg,data/raw/ECG_Normal/Normal(221).jpg | data/raw/ECG_Normal/Normal(79).jpg
117,828c0dd62b2e7bc34351351bb44635b0,2,Normal(79).jpg,data/raw/ECG_Normal/Normal(79).jpg,data/raw/ECG_Normal/Normal(221).jpg | data/raw/ECG_Normal/Normal(79).jpg
118,82f030641119a163b43220a36c0fe1bf,2,PMI(112).jpg,data/raw/ECG_HistoryMI/PMI(112).jpg,data/raw/ECG_HistoryMI/PMI(112).jpg | data/raw/ECG_HistoryMI/PMI(26).jpg
118,82f030641119a163b43220a36c0fe1bf,2,PMI(26).jpg,data/raw/ECG_HistoryMI/PMI(26).jpg,data/raw/ECG_HistoryMI/PMI(112).jpg | data/raw/ECG_HistoryMI/PMI(26).jpg
119,8358fb641a31b1e70f80c205e937b395,2,PMI(154).jpg,data/raw/ECG_HistoryMI/PMI(154).jpg,data/raw/ECG_HistoryMI/PMI(154).jpg | data/raw/ECG_HistoryMI/PMI(68).jpg
119,8358fb641a31b1e70f80c205e937b395,2,PMI(68).jpg,data/raw/ECG_HistoryMI/PMI(68).jpg,data/raw/ECG_HistoryMI/PMI(154).jpg | data/raw/ECG_HistoryMI/PMI(68).jpg
120,84f59bba9d96740b790f8dc944e660e4,2,PMI(5).jpg,data/raw/ECG_HistoryMI/PMI(5).jpg,data/raw/ECG_HistoryMI/PMI(5).jpg | data/raw/ECG_HistoryMI/PMI(91).jpg
120,84f59bba9d96740b790f8dc944e660e4,2,PMI(91).jpg,data/raw/ECG_HistoryMI/PMI(91).jpg,data/raw/ECG_HistoryMI/PMI(5).jpg | data/raw/ECG_HistoryMI/PMI(91).jpg
121,86851808326a77d7d7ef3ed606d1d49f,8,MI(109).jpg,data/raw/ECG_MI/MI(109).jpg,data/raw/ECG_MI/MI(109).jpg | data/raw/ECG_MI/MI(139).jpg | data/raw/ECG_MI/MI(169).jpg | data/raw/ECG_MI/MI(19).jpg | data/raw/ECG_MI/MI(199).jpg | data/raw/ECG_MI/MI(229).jpg | data/raw/ECG_MI/MI(49).jpg | data/raw/ECG_MI/MI(79).jpg
121,86851808326a77d7d7ef3ed606d1d49f,8,MI(139).jpg,data/raw/ECG_MI/MI(139).jpg,data/raw/ECG_MI/MI(109).jpg | data/raw/ECG_MI/MI(139).jpg | data/raw/ECG_MI/MI(169).jpg | data/raw/ECG_MI/MI(19).jpg | data/raw/ECG_MI/MI(199).jpg | data/raw/ECG_MI/MI(229).jpg | data/raw/ECG_MI/MI(49).jpg | data/raw/ECG_MI/MI(79).jpg
121,86851808326a77d7d7ef3ed606d1d49f,8,MI(169).jpg,data/raw/ECG_MI/MI(169).jpg,data/raw/ECG_MI/MI(109).jpg | data/raw/ECG_MI/MI(139).jpg | data/raw/ECG_MI/MI(169).jpg | data/raw/ECG_MI/MI(19).jpg | data/raw/ECG_MI/MI(199).jpg | data/raw/ECG_MI/MI(229).jpg | data/raw/ECG_MI/MI(49).jpg | data/raw/ECG_MI/MI(79).jpg
121,86851808326a77d7d7ef3ed606d1d49f,8,MI(19).jpg,data/raw/ECG_MI/MI(19).jpg,data/raw/ECG_MI/MI(109).jpg | data/raw/ECG_MI/MI(139).jpg | data/raw/ECG_MI/MI(169).jpg | data/raw/ECG_MI/MI(19).jpg | data/raw/ECG_MI/MI(199).jpg | data/raw/ECG_MI/MI(229).jpg | data/raw/ECG_MI/MI(49).jpg | data/raw/ECG_MI/MI(79).jpg
121,86851808326a77d7d7ef3ed606d1d49f,8,MI(199).jpg,data/raw/ECG_MI/MI(199).jpg,data/raw/ECG_MI/MI(109).jpg | data/raw/ECG_MI/MI(139).jpg | data/raw/ECG_MI/MI(169).jpg | data/raw/ECG_MI/MI(19).jpg | data/raw/ECG_MI/MI(199).jpg | data/raw/ECG_MI/MI(229).jpg | data/raw/ECG_MI/MI(49).jpg | data/raw/ECG_MI/MI(79).jpg
121,86851808326a77d7d7ef3ed606d1d49f,8,MI(229).jpg,data/raw/ECG_MI/MI(229).jpg,data/raw/ECG_MI/MI(109).jpg | data/raw/ECG_MI/MI(139).jpg | data/raw/ECG_MI/MI(169).jpg | data/raw/ECG_MI/MI(19).jpg | data/raw/ECG_MI/MI(199).jpg | data/raw/ECG_MI/MI(229).jpg | data/raw/ECG_MI/MI(49).jpg | data/raw/ECG_MI/MI(79).jpg
121,86851808326a77d7d7ef3ed606d1d49f,8,MI(49).jpg,data/raw/ECG_MI/MI(49).jpg,data/raw/ECG_MI/MI(109).jpg | data/raw/ECG_MI/MI(139).jpg | data/raw/ECG_MI/MI(169).jpg | data/raw/ECG_MI/MI(19).jpg | data/raw/ECG_MI/MI(199).jpg | data/raw/ECG_MI/MI(229).jpg | data/raw/ECG_MI/MI(49).jpg | data/raw/ECG_MI/MI(79).jpg
121,86851808326a77d7d7ef3ed606d1d49f,8,MI(79).jpg,data/raw/ECG_MI/MI(79).jpg,data/raw/ECG_MI/MI(109).jpg | data/raw/ECG_MI/MI(139).jpg | data/raw/ECG_MI/MI(169).jpg | data/raw/ECG_MI/MI(19).jpg | data/raw/ECG_MI/MI(199).jpg | data/raw/ECG_MI/MI(229).jpg | data/raw/ECG_MI/MI(49).jpg | data/raw/ECG_MI/MI(79).jpg
122,88297191224e37c9a7f8f215e0ac944f,2,PMI(164).jpg,data/raw/ECG_HistoryMI/PMI(164).jpg,data/raw/ECG_HistoryMI/PMI(164).jpg | data/raw/ECG_HistoryMI/PMI(78).jpg
122,88297191224e37c9a7f8f215e0ac944f,2,PMI(78).jpg,data/raw/ECG_HistoryMI/PMI(78).jpg,data/raw/ECG_HistoryMI/PMI(164).jpg | data/raw/ECG_HistoryMI/PMI(78).jpg
123,89d63a1bd95a266d8e57199b3a20c328,2,PMI(126).jpg,data/raw/ECG_HistoryMI/PMI(126).jpg,data/raw/ECG_HistoryMI/PMI(126).jpg | data/raw/ECG_HistoryMI/PMI(40).jpg
123,89d63a1bd95a266d8e57199b3a20c328,2,PMI(40).jpg,data/raw/ECG_HistoryMI/PMI(40).jpg,data/raw/ECG_HistoryMI/PMI(126).jpg | data/raw/ECG_HistoryMI/PMI(40).jpg
124,8acc9972486faa37d78749bdf77c9fbe,8,MI(111).jpg,data/raw/ECG_MI/MI(111).jpg,data/raw/ECG_MI/MI(111).jpg | data/raw/ECG_MI/MI(141).jpg | data/raw/ECG_MI/MI(171).jpg | data/raw/ECG_MI/MI(201).jpg | data/raw/ECG_MI/MI(21).jpg | data/raw/ECG_MI/MI(231).jpg | data/raw/ECG_MI/MI(51).jpg | data/raw/ECG_MI/MI(81).jpg
124,8acc9972486faa37d78749bdf77c9fbe,8,MI(141).jpg,data/raw/ECG_MI/MI(141).jpg,data/raw/ECG_MI/MI(111).jpg | data/raw/ECG_MI/MI(141).jpg | data/raw/ECG_MI/MI(171).jpg | data/raw/ECG_MI/MI(201).jpg | data/raw/ECG_MI/MI(21).jpg | data/raw/ECG_MI/MI(231).jpg | data/raw/ECG_MI/MI(51).jpg | data/raw/ECG_MI/MI(81).jpg
124,8acc9972486faa37d78749bdf77c9fbe,8,MI(171).jpg,data/raw/ECG_MI/MI(171).jpg,data/raw/ECG_MI/MI(111).jpg | data/raw/ECG_MI/MI(141).jpg | data/raw/ECG_MI/MI(171).jpg | data/raw/ECG_MI/MI(201).jpg | data/raw/ECG_MI/MI(21).jpg | data/raw/ECG_MI/MI(231).jpg | data/raw/ECG_MI/MI(51).jpg | data/raw/ECG_MI/MI(81).jpg
124,8acc9972486faa37d78749bdf77c9fbe,8,MI(201).jpg,data/raw/ECG_MI/MI(201).jpg,data/raw/ECG_MI/MI(111).jpg | data/raw/ECG_MI/MI(141).jpg | data/raw/ECG_MI/MI(171).jpg | data/raw/ECG_MI/MI(201).jpg | data/raw/ECG_MI/MI(21).jpg | data/raw/ECG_MI/MI(231).jpg | data/raw/ECG_MI/MI(51).jpg | data/raw/ECG_MI/MI(81).jpg
124,8acc9972486faa37d78749bdf77c9fbe,8,MI(21).jpg,data/raw/ECG_MI/MI(21).jpg,data/raw/ECG_MI/MI(111).jpg | data/raw/ECG_MI/MI(141).jpg | data/raw/ECG_MI/MI(171).jpg | data/raw/ECG_MI/MI(201).jpg | data/raw/ECG_MI/MI(21).jpg | data/raw/ECG_MI/MI(231).jpg | data/raw/ECG_MI/MI(51).jpg | data/raw/ECG_MI/MI(81).jpg
124,8acc9972486faa37d78749bdf77c9fbe,8,MI(231).jpg,data/raw/ECG_MI/MI(231).jpg,data/raw/ECG_MI/MI(111).jpg | data/raw/ECG_MI/MI(141).jpg | data/raw/ECG_MI/MI(171).jpg | data/raw/ECG_MI/MI(201).jpg | data/raw/ECG_MI/MI(21).jpg | data/raw/ECG_MI/MI(231).jpg | data/raw/ECG_MI/MI(51).jpg | data/raw/ECG_MI/MI(81).jpg
124,8acc9972486faa37d78749bdf77c9fbe,8,MI(51).jpg,data/raw/ECG_MI/MI(51).jpg,data/raw/ECG_MI/MI(111).jpg | data/raw/ECG_MI/MI(141).jpg | data/raw/ECG_MI/MI(171).jpg | data/raw/ECG_MI/MI(201).jpg | data/raw/ECG_MI/MI(21).jpg | data/raw/ECG_MI/MI(231).jpg | data/raw/ECG_MI/MI(51).jpg | data/raw/ECG_MI/MI(81).jpg
124,8acc9972486faa37d78749bdf77c9fbe,8,MI(81).jpg,data/raw/ECG_MI/MI(81).jpg,data/raw/ECG_MI/MI(111).jpg | data/raw/ECG_MI/MI(141).jpg | data/raw/ECG_MI/MI(171).jpg | data/raw/ECG_MI/MI(201).jpg | data/raw/ECG_MI/MI(21).jpg | data/raw/ECG_MI/MI(231).jpg | data/raw/ECG_MI/MI(51).jpg | data/raw/ECG_MI/MI(81).jpg
125,8af63dc8003a1a67d5b29173a5ee8e75,8,MI(104).jpg,data/raw/ECG_MI/MI(104).jpg,data/raw/ECG_MI/MI(104).jpg | data/raw/ECG_MI/MI(134).jpg | data/raw/ECG_MI/MI(14).jpg | data/raw/ECG_MI/MI(164).jpg | data/raw/ECG_MI/MI(194).jpg | data/raw/ECG_MI/MI(224).jpg | data/raw/ECG_MI/MI(44).jpg | data/raw/ECG_MI/MI(74).jpg
125,8af63dc8003a1a67d5b29173a5ee8e75,8,MI(134).jpg,data/raw/ECG_MI/MI(134).jpg,data/raw/ECG_MI/MI(104).jpg | data/raw/ECG_MI/MI(134).jpg | data/raw/ECG_MI/MI(14).jpg | data/raw/ECG_MI/MI(164).jpg | data/raw/ECG_MI/MI(194).jpg | data/raw/ECG_MI/MI(224).jpg | data/raw/ECG_MI/MI(44).jpg | data/raw/ECG_MI/MI(74).jpg
125,8af63dc8003a1a67d5b29173a5ee8e75,8,MI(14).jpg,data/raw/ECG_MI/MI(14).jpg,data/raw/ECG_MI/MI(104).jpg | data/raw/ECG_MI/MI(134).jpg | data/raw/ECG_MI/MI(14).jpg | data/raw/ECG_MI/MI(164).jpg | data/raw/ECG_MI/MI(194).jpg | data/raw/ECG_MI/MI(224).jpg | data/raw/ECG_MI/MI(44).jpg | data/raw/ECG_MI/MI(74).jpg
125,8af63dc8003a1a67d5b29173a5ee8e75,8,MI(164).jpg,data/raw/ECG_MI/MI(164).jpg,data/raw/ECG_MI/MI(104).jpg | data/raw/ECG_MI/MI(134).jpg | data/raw/ECG_MI/MI(14).jpg | data/raw/ECG_MI/MI(164).jpg | data/raw/ECG_MI/MI(194).jpg | data/raw/ECG_MI/MI(224).jpg | data/raw/ECG_MI/MI(44).jpg | data/raw/ECG_MI/MI(74).jpg
125,8af63dc8003a1a67d5b29173a5ee8e75,8,MI(194).jpg,data/raw/ECG_MI/MI(194).jpg,data/raw/ECG_MI/MI(104).jpg | data/raw/ECG_MI/MI(134).jpg | data/raw/ECG_MI/MI(14).jpg | data/raw/ECG_MI/MI(164).jpg | data/raw/ECG_MI/MI(194).jpg | data/raw/ECG_MI/MI(224).jpg | data/raw/ECG_MI/MI(44).jpg | data/raw/ECG_MI/MI(74).jpg
125,8af63dc8003a1a67d5b29173a5ee8e75,8,MI(224).jpg,data/raw/ECG_MI/MI(224).jpg,data/raw/ECG_MI/MI(104).jpg | data/raw/ECG_MI/MI(134).jpg | data/raw/ECG_MI/MI(14).jpg | data/raw/ECG_MI/MI(164).jpg | data/raw/ECG_MI/MI(194).jpg | data/raw/ECG_MI/MI(224).jpg | data/raw/ECG_MI/MI(44).jpg | data/raw/ECG_MI/MI(74).jpg
125,8af63dc8003a1a67d5b29173a5ee8e75,8,MI(44).jpg,data/raw/ECG_MI/MI(44).jpg,data/raw/ECG_MI/MI(104).jpg | data/raw/ECG_MI/MI(134).jpg | data/raw/ECG_MI/MI(14).jpg | data/raw/ECG_MI/MI(164).jpg | data/raw/ECG_MI/MI(194).jpg | data/raw/ECG_MI/MI(224).jpg | data/raw/ECG_MI/MI(44).jpg | data/raw/ECG_MI/MI(74).jpg
125,8af63dc8003a1a67d5b29173a5ee8e75,8,MI(74).jpg,data/raw/ECG_MI/MI(74).jpg,data/raw/ECG_MI/MI(104).jpg | data/raw/ECG_MI/MI(134).jpg | data/raw/ECG_MI/MI(14).jpg | data/raw/ECG_MI/MI(164).jpg | data/raw/ECG_MI/MI(194).jpg | data/raw/ECG_MI/MI(224).jpg | data/raw/ECG_MI/MI(44).jpg | data/raw/ECG_MI/MI(74).jpg
126,8b6da0ff28de201cef092002e9a7fd4e,2,PMI(148).jpg,data/raw/ECG_HistoryMI/PMI(148).jpg,data/raw/ECG_HistoryMI/PMI(148).jpg | data/raw/ECG_HistoryMI/PMI(62).jpg
126,8b6da0ff28de201cef092002e9a7fd4e,2,PMI(62).jpg,data/raw/ECG_HistoryMI/PMI(62).jpg,data/raw/ECG_HistoryMI/PMI(148).jpg | data/raw/ECG_HistoryMI/PMI(62).jpg
127,8bdd45b9fcab7e90f6723057387f55d6,2,PMI(155).jpg,data/raw/ECG_HistoryMI/PMI(155).jpg,data/raw/ECG_HistoryMI/PMI(155).jpg | data/raw/ECG_HistoryMI/PMI(69).jpg
127,8bdd45b9fcab7e90f6723057387f55d6,2,PMI(69).jpg,data/raw/ECG_HistoryMI/PMI(69).jpg,data/raw/ECG_HistoryMI/PMI(155).jpg | data/raw/ECG_HistoryMI/PMI(69).jpg
128,8c2f975f07b7faa97bc7d3e7805a8cc4,2,PMI(158).jpg,data/raw/ECG_HistoryMI/PMI(158).jpg,data/raw/ECG_HistoryMI/PMI(158).jpg | data/raw/ECG_HistoryMI/PMI(72).jpg
128,8c2f975f07b7faa97bc7d3e7805a8cc4,2,PMI(72).jpg,data/raw/ECG_HistoryMI/PMI(72).jpg,data/raw/ECG_HistoryMI/PMI(158).jpg | data/raw/ECG_HistoryMI/PMI(72).jpg
129,8c6159cd4acf274d607bfae730daafdb,8,MI(108).jpg,data/raw/ECG_MI/MI(108).jpg,data/raw/ECG_MI/MI(108).jpg | data/raw/ECG_MI/MI(138).jpg | data/raw/ECG_MI/MI(168).jpg | data/raw/ECG_MI/MI(18).jpg | data/raw/ECG_MI/MI(198).jpg | data/raw/ECG_MI/MI(228).jpg | data/raw/ECG_MI/MI(48).jpg | data/raw/ECG_MI/MI(78).jpg
129,8c6159cd4acf274d607bfae730daafdb,8,MI(138).jpg,data/raw/ECG_MI/MI(138).jpg,data/raw/ECG_MI/MI(108).jpg | data/raw/ECG_MI/MI(138).jpg | data/raw/ECG_MI/MI(168).jpg | data/raw/ECG_MI/MI(18).jpg | data/raw/ECG_MI/MI(198).jpg | data/raw/ECG_MI/MI(228).jpg | data/raw/ECG_MI/MI(48).jpg | data/raw/ECG_MI/MI(78).jpg
129,8c6159cd4acf274d607bfae730daafdb,8,MI(168).jpg,data/raw/ECG_MI/MI(168).jpg,data/raw/ECG_MI/MI(108).jpg | data/raw/ECG_MI/MI(138).jpg | data/raw/ECG_MI/MI(168).jpg | data/raw/ECG_MI/MI(18).jpg | data/raw/ECG_MI/MI(198).jpg | data/raw/ECG_MI/MI(228).jpg | data/raw/ECG_MI/MI(48).jpg | data/raw/ECG_MI/MI(78).jpg
129,8c6159cd4acf274d607bfae730daafdb,8,MI(18).jpg,data/raw/ECG_MI/MI(18).jpg,data/raw/ECG_MI/MI(108).jpg | data/raw/ECG_MI/MI(138).jpg | data/raw/ECG_MI/MI(168).jpg | data/raw/ECG_MI/MI(18).jpg | data/raw/ECG_MI/MI(198).jpg | data/raw/ECG_MI/MI(228).jpg | data/raw/ECG_MI/MI(48).jpg | data/raw/ECG_MI/MI(78).jpg
129,8c6159cd4acf274d607bfae730daafdb,8,MI(198).jpg,data/raw/ECG_MI/MI(198).jpg,data/raw/ECG_MI/MI(108).jpg | data/raw/ECG_MI/MI(138).jpg | data/raw/ECG_MI/MI(168).jpg | data/raw/ECG_MI/MI(18).jpg | data/raw/ECG_MI/MI(198).jpg | data/raw/ECG_MI/MI(228).jpg | data/raw/ECG_MI/MI(48).jpg | data/raw/ECG_MI/MI(78).jpg
129,8c6159cd4acf274d607bfae730daafdb,8,MI(228).jpg,data/raw/ECG_MI/MI(228).jpg,data/raw/ECG_MI/MI(108).jpg | data/raw/ECG_MI/MI(138).jpg | data/raw/ECG_MI/MI(168).jpg | data/raw/ECG_MI/MI(18).jpg | data/raw/ECG_MI/MI(198).jpg | data/raw/ECG_MI/MI(228).jpg | data/raw/ECG_MI/MI(48).jpg | data/raw/ECG_MI/MI(78).jpg
129,8c6159cd4acf274d607bfae730daafdb,8,MI(48).jpg,data/raw/ECG_MI/MI(48).jpg,data/raw/ECG_MI/MI(108).jpg | data/raw/ECG_MI/MI(138).jpg | data/raw/ECG_MI/MI(168).jpg | data/raw/ECG_MI/MI(18).jpg | data/raw/ECG_MI/MI(198).jpg | data/raw/ECG_MI/MI(228).jpg | data/raw/ECG_MI/MI(48).jpg | data/raw/ECG_MI/MI(78).jpg
129,8c6159cd4acf274d607bfae730daafdb,8,MI(78).jpg,data/raw/ECG_MI/MI(78).jpg,data/raw/ECG_MI/MI(108).jpg | data/raw/ECG_MI/MI(138).jpg | data/raw/ECG_MI/MI(168).jpg | data/raw/ECG_MI/MI(18).jpg | data/raw/ECG_MI/MI(198).jpg | data/raw/ECG_MI/MI(228).jpg | data/raw/ECG_MI/MI(48).jpg | data/raw/ECG_MI/MI(78).jpg
130,8cc384c013b01358ab1f3c0fda94471d,2,PMI(138).jpg,data/raw/ECG_HistoryMI/PMI(138).jpg,data/raw/ECG_HistoryMI/PMI(138).jpg | data/raw/ECG_HistoryMI/PMI(52).jpg
130,8cc384c013b01358ab1f3c0fda94471d,2,PMI(52).jpg,data/raw/ECG_HistoryMI/PMI(52).jpg,data/raw/ECG_HistoryMI/PMI(138).jpg | data/raw/ECG_HistoryMI/PMI(52).jpg
131,8d2e6014f20fed6e2b98d310392de2fe,2,Normal(241).jpg,data/raw/ECG_Normal/Normal(241).jpg,data/raw/ECG_Normal/Normal(241).jpg | data/raw/ECG_Normal/Normal(99).jpg
131,8d2e6014f20fed6e2b98d310392de2fe,2,Normal(99).jpg,data/raw/ECG_Normal/Normal(99).jpg,data/raw/ECG_Normal/Normal(241).jpg | data/raw/ECG_Normal/Normal(99).jpg
132,8df37dc91de7860244e5a07d18f971f0,2,Normal(228).jpg,data/raw/ECG_Normal/Normal(228).jpg,data/raw/ECG_Normal/Normal(228).jpg | data/raw/ECG_Normal/Normal(86).jpg
132,8df37dc91de7860244e5a07d18f971f0,2,Normal(86).jpg,data/raw/ECG_Normal/Normal(86).jpg,data/raw/ECG_Normal/Normal(228).jpg | data/raw/ECG_Normal/Normal(86).jpg
133,8e136933cf8c41b55584e98efd3b7e2d,2,Normal(184).jpg,data/raw/ECG_Normal/Normal(184).jpg,data/raw/ECG_Normal/Normal(184).jpg | data/raw/ECG_Normal/Normal(42).jpg
133,8e136933cf8c41b55584e98efd3b7e2d,2,Normal(42).jpg,data/raw/ECG_Normal/Normal(42).jpg,data/raw/ECG_Normal/Normal(184).jpg | data/raw/ECG_Normal/Normal(42).jpg
134,8e8840cff34daa384dcebf7e928ca05c,2,Normal(237).jpg,data/raw/ECG_Normal/Normal(237).jpg,data/raw/ECG_Normal/Normal(237).jpg | data/raw/ECG_Normal/Normal(95).jpg
134,8e8840cff34daa384dcebf7e928ca05c,2,Normal(95).jpg,data/raw/ECG_Normal/Normal(95).jpg,data/raw/ECG_Normal/Normal(237).jpg | data/raw/ECG_Normal/Normal(95).jpg
135,910fee7e970a917e07bc4308db4f29fc,2,Normal(128).jpg,data/raw/ECG_Normal/Normal(128).jpg,data/raw/ECG_Normal/Normal(128).jpg | data/raw/ECG_Normal/Normal(270).jpg
135,910fee7e970a917e07bc4308db4f29fc,2,Normal(270).jpg,data/raw/ECG_Normal/Normal(270).jpg,data/raw/ECG_Normal/Normal(128).jpg | data/raw/ECG_Normal/Normal(270).jpg
136,911f4cf3d4c1eab96d0419d989504709,2,Normal(132).jpg,data/raw/ECG_Normal/Normal(132).jpg,data/raw/ECG_Normal/Normal(132).jpg | data/raw/ECG_Normal/Normal(274).jpg
136,911f4cf3d4c1eab96d0419d989504709,2,Normal(274).jpg,data/raw/ECG_Normal/Normal(274).jpg,data/raw/ECG_Normal/Normal(132).jpg | data/raw/ECG_Normal/Normal(274).jpg
137,9247e376a5fd059e99b93109fec04de1,8,MI(119).jpg,data/raw/ECG_MI/MI(119).jpg,data/raw/ECG_MI/MI(119).jpg | data/raw/ECG_MI/MI(149).jpg | data/raw/ECG_MI/MI(179).jpg | data/raw/ECG_MI/MI(209).jpg | data/raw/ECG_MI/MI(239).jpg | data/raw/ECG_MI/MI(29).jpg | data/raw/ECG_MI/MI(59).jpg | data/raw/ECG_MI/MI(89).jpg
137,9247e376a5fd059e99b93109fec04de1,8,MI(149).jpg,data/raw/ECG_MI/MI(149).jpg,data/raw/ECG_MI/MI(119).jpg | data/raw/ECG_MI/MI(149).jpg | data/raw/ECG_MI/MI(179).jpg | data/raw/ECG_MI/MI(209).jpg | data/raw/ECG_MI/MI(239).jpg | data/raw/ECG_MI/MI(29).jpg | data/raw/ECG_MI/MI(59).jpg | data/raw/ECG_MI/MI(89).jpg
137,9247e376a5fd059e99b93109fec04de1,8,MI(179).jpg,data/raw/ECG_MI/MI(179).jpg,data/raw/ECG_MI/MI(119).jpg | data/raw/ECG_MI/MI(149).jpg | data/raw/ECG_MI/MI(179).jpg | data/raw/ECG_MI/MI(209).jpg | data/raw/ECG_MI/MI(239).jpg | data/raw/ECG_MI/MI(29).jpg | data/raw/ECG_MI/MI(59).jpg | data/raw/ECG_MI/MI(89).jpg
137,9247e376a5fd059e99b93109fec04de1,8,MI(209).jpg,data/raw/ECG_MI/MI(209).jpg,data/raw/ECG_MI/MI(119).jpg | data/raw/ECG_MI/MI(149).jpg | data/raw/ECG_MI/MI(179).jpg | data/raw/ECG_MI/MI(209).jpg | data/raw/ECG_MI/MI(239).jpg | data/raw/ECG_MI/MI(29).jpg | data/raw/ECG_MI/MI(59).jpg | data/raw/ECG_MI/MI(89).jpg
137,9247e376a5fd059e99b93109fec04de1,8,MI(239).jpg,data/raw/ECG_MI/MI(239).jpg,data/raw/ECG_MI/MI(119).jpg | data/raw/ECG_MI/MI(149).jpg | data/raw/ECG_MI/MI(179).jpg | data/raw/ECG_MI/MI(209).jpg | data/raw/ECG_MI/MI(239).jpg | data/raw/ECG_MI/MI(29).jpg | data/raw/ECG_MI/MI(59).jpg | data/raw/ECG_MI/MI(89).jpg
137,9247e376a5fd059e99b93109fec04de1,8,MI(29).jpg,data/raw/ECG_MI/MI(29).jpg,data/raw/ECG_MI/MI(119).jpg | data/raw/ECG_MI/MI(149).jpg | data/raw/ECG_MI/MI(179).jpg | data/raw/ECG_MI/MI(209).jpg | data/raw/ECG_MI/MI(239).jpg | data/raw/ECG_MI/MI(29).jpg | data/raw/ECG_MI/MI(59).jpg | data/raw/ECG_MI/MI(89).jpg
137,9247e376a5fd059e99b93109fec04de1,8,MI(59).jpg,data/raw/ECG_MI/MI(59).jpg,data/raw/ECG_MI/MI(119).jpg | data/raw/ECG_MI/MI(149).jpg | data/raw/ECG_MI/MI(179).jpg | data/raw/ECG_MI/MI(209).jpg | data/raw/ECG_MI/MI(239).jpg | data/raw/ECG_MI/MI(29).jpg | data/raw/ECG_MI/MI(59).jpg | data/raw/ECG_MI/MI(89).jpg
137,9247e376a5fd059e99b93109fec04de1,8,MI(89).jpg,data/raw/ECG_MI/MI(89).jpg,data/raw/ECG_MI/MI(119).jpg | data/raw/ECG_MI/MI(149).jpg | data/raw/ECG_MI/MI(179).jpg | data/raw/ECG_MI/MI(209).jpg | data/raw/ECG_MI/MI(239).jpg | data/raw/ECG_MI/MI(29).jpg | data/raw/ECG_MI/MI(59).jpg | data/raw/ECG_MI/MI(89).jpg
138,9312938b999d7c27c25f24304ee3c475,2,PMI(13).jpg,data/raw/ECG_HistoryMI/PMI(13).jpg,data/raw/ECG_HistoryMI/PMI(13).jpg | data/raw/ECG_HistoryMI/PMI(99).jpg
138,9312938b999d7c27c25f24304ee3c475,2,PMI(99).jpg,data/raw/ECG_HistoryMI/PMI(99).jpg,data/raw/ECG_HistoryMI/PMI(13).jpg | data/raw/ECG_HistoryMI/PMI(99).jpg
139,937502422c41532c24cdcd80f44cf038,2,PMI(108).jpg,data/raw/ECG_HistoryMI/PMI(108).jpg,data/raw/ECG_HistoryMI/PMI(108).jpg | data/raw/ECG_HistoryMI/PMI(22).jpg
139,937502422c41532c24cdcd80f44cf038,2,PMI(22).jpg,data/raw/ECG_HistoryMI/PMI(22).jpg,data/raw/ECG_HistoryMI/PMI(108).jpg | data/raw/ECG_HistoryMI/PMI(22).jpg
140,9409cf8bc417bbe99ac881175d36a839,2,Normal(182).jpg,data/raw/ECG_Normal/Normal(182).jpg,data/raw/ECG_Normal/Normal(182).jpg | data/raw/ECG_Normal/Normal(40).jpg
140,9409cf8bc417bbe99ac881175d36a839,2,Normal(40).jpg,data/raw/ECG_Normal/Normal(40).jpg,data/raw/ECG_Normal/Normal(182).jpg | data/raw/ECG_Normal/Normal(40).jpg
141,94622d18267521ba999c2f7ee92252cc,2,PMI(114).jpg,data/raw/ECG_HistoryMI/PMI(114).jpg,data/raw/ECG_HistoryMI/PMI(114).jpg | data/raw/ECG_HistoryMI/PMI(28).jpg
141,94622d18267521ba999c2f7ee92252cc,2,PMI(28).jpg,data/raw/ECG_HistoryMI/PMI(28).jpg,data/raw/ECG_HistoryMI/PMI(114).jpg | data/raw/ECG_HistoryMI/PMI(28).jpg
142,949170c034aab2b2aca2daf668564932,2,PMI(8).jpg,data/raw/ECG_HistoryMI/PMI(8).jpg,data/raw/ECG_HistoryMI/PMI(8).jpg | data/raw/ECG_HistoryMI/PMI(94).jpg
142,949170c034aab2b2aca2daf668564932,2,PMI(94).jpg,data/raw/ECG_HistoryMI/PMI(94).jpg,data/raw/ECG_HistoryMI/PMI(8).jpg | data/raw/ECG_HistoryMI/PMI(94).jpg
143,953c55483039bff696b8ba1f702acf61,2,Normal(235).jpg,data/raw/ECG_Normal/Normal(235).jpg,data/raw/ECG_Normal/Normal(235).jpg | data/raw/ECG_Normal/Normal(93).jpg
143,953c55483039bff696b8ba1f702acf61,2,Normal(93).jpg,data/raw/ECG_Normal/Normal(93).jpg,data/raw/ECG_Normal/Normal(235).jpg | data/raw/ECG_Normal/Normal(93).jpg
144,96b269fca8300f131653b8ecdae1746d,2,Normal(189).jpg,data/raw/ECG_Normal/Normal(189).jpg,data/raw/ECG_Normal/Normal(189).jpg | data/raw/ECG_Normal/Normal(47).jpg
144,96b269fca8300f131653b8ecdae1746d,2,Normal(47).jpg,data/raw/ECG_Normal/Normal(47).jpg,data/raw/ECG_Normal/Normal(189).jpg | data/raw/ECG_Normal/Normal(47).jpg
145,97467cf559ffcb5c79ef2bc6ce923d1c,2,Normal(187).jpg,data/raw/ECG_Normal/Normal(187).jpg,data/raw/ECG_Normal/Normal(187).jpg | data/raw/ECG_Normal/Normal(45).jpg
145,97467cf559ffcb5c79ef2bc6ce923d1c,2,Normal(45).jpg,data/raw/ECG_Normal/Normal(45).jpg,data/raw/ECG_Normal/Normal(187).jpg | data/raw/ECG_Normal/Normal(45).jpg
146,993a471ebf40a5d547a023c06cf6c996,2,PMI(118).jpg,data/raw/ECG_HistoryMI/PMI(118).jpg,data/raw/ECG_HistoryMI/PMI(118).jpg | data/raw/ECG_HistoryMI/PMI(32).jpg
146,993a471ebf40a5d547a023c06cf6c996,2,PMI(32).jpg,data/raw/ECG_HistoryMI/PMI(32).jpg,data/raw/ECG_HistoryMI/PMI(118).jpg | data/raw/ECG_HistoryMI/PMI(32).jpg
147,996dd94057bf969ed45244b67aa18d35,2,PMI(170).jpg,data/raw/ECG_HistoryMI/PMI(170).jpg,data/raw/ECG_HistoryMI/PMI(170).jpg | data/raw/ECG_HistoryMI/PMI(84).jpg
147,996dd94057bf969ed45244b67aa18d35,2,PMI(84).jpg,data/raw/ECG_HistoryMI/PMI(84).jpg,data/raw/ECG_HistoryMI/PMI(170).jpg | data/raw/ECG_HistoryMI/PMI(84).jpg
148,99adee8d9d99f0c85c9bbf0eb33ac085,2,Normal(109).jpg,data/raw/ECG_Normal/Normal(109).jpg,data/raw/ECG_Normal/Normal(109).jpg | data/raw/ECG_Normal/Normal(251).jpg
148,99adee8d9d99f0c85c9bbf0eb33ac085,2,Normal(251).jpg,data/raw/ECG_Normal/Normal(251).jpg,data/raw/ECG_Normal/Normal(109).jpg | data/raw/ECG_Normal/Normal(251).jpg
149,9a2da2bc2ed9ead7de4632f9bbfbefe4,2,Normal(195).jpg,data/raw/ECG_Normal/Normal(195).jpg,data/raw/ECG_Normal/Normal(195).jpg | data/raw/ECG_Normal/Normal(53).jpg
149,9a2da2bc2ed9ead7de4632f9bbfbefe4,2,Normal(53).jpg,data/raw/ECG_Normal/Normal(53).jpg,data/raw/ECG_Normal/Normal(195).jpg | data/raw/ECG_Normal/Normal(53).jpg
150,9af482e2425a1ed63b1f2cb1d9cbd6fb,2,PMI(163).jpg,data/raw/ECG_HistoryMI/PMI(163).jpg,data/raw/ECG_HistoryMI/PMI(163).jpg | data/raw/ECG_HistoryMI/PMI(77).jpg
150,9af482e2425a1ed63b1f2cb1d9cbd6fb,2,PMI(77).jpg,data/raw/ECG_HistoryMI/PMI(77).jpg,data/raw/ECG_HistoryMI/PMI(163).jpg | data/raw/ECG_HistoryMI/PMI(77).jpg
151,9c98577fe8b42997dd5330aa7c6f8965,2,PMI(136).jpg,data/raw/ECG_HistoryMI/PMI(136).jpg,data/raw/ECG_HistoryMI/PMI(136).jpg | data/raw/ECG_HistoryMI/PMI(50).jpg
151,9c98577fe8b42997dd5330aa7c6f8965,2,PMI(50).jpg,data/raw/ECG_HistoryMI/PMI(50).jpg,data/raw/ECG_HistoryMI/PMI(136).jpg | data/raw/ECG_HistoryMI/PMI(50).jpg
152,9d4fb5c3cd535e51d27d0f894597fb5e,2,Normal(166).jpg,data/raw/ECG_Normal/Normal(166).jpg,data/raw/ECG_Normal/Normal(166).jpg | data/raw/ECG_Normal/Normal(24).jpg
152,9d4fb5c3cd535e51d27d0f894597fb5e,2,Normal(24).jpg,data/raw/ECG_Normal/Normal(24).jpg,data/raw/ECG_Normal/Normal(166).jpg | data/raw/ECG_Normal/Normal(24).jpg
153,9ed948da396ac1ff01e87e8436c7fd67,2,PMI(167).jpg,data/raw/ECG_HistoryMI/PMI(167).jpg,data/raw/ECG_HistoryMI/PMI(167).jpg | data/raw/ECG_HistoryMI/PMI(81).jpg
153,9ed948da396ac1ff01e87e8436c7fd67,2,PMI(81).jpg,data/raw/ECG_HistoryMI/PMI(81).jpg,data/raw/ECG_HistoryMI/PMI(167).jpg | data/raw/ECG_HistoryMI/PMI(81).jpg
154,9eeef29de530601c1f932c7f161b6e5e,2,Normal(232).jpg,data/raw/ECG_Normal/Normal(232).jpg,data/raw/ECG_Normal/Normal(232).jpg | data/raw/ECG_Normal/Normal(90).jpg
154,9eeef29de530601c1f932c7f161b6e5e,2,Normal(90).jpg,data/raw/ECG_Normal/Normal(90).jpg,data/raw/ECG_Normal/Normal(232).jpg | data/raw/ECG_Normal/Normal(90).jpg
155,a2956a33d7e6a23e7807a4d73eb6d359,2,Normal(131).jpg,data/raw/ECG_Normal/Normal(131).jpg,data/raw/ECG_Normal/Normal(131).jpg | data/raw/ECG_Normal/Normal(273).jpg
155,a2956a33d7e6a23e7807a4d73eb6d359,2,Normal(273).jpg,data/raw/ECG_Normal/Normal(273).jpg,data/raw/ECG_Normal/Normal(131).jpg | data/raw/ECG_Normal/Normal(273).jpg
156,a2be750c86e33c001895811b9ac97ac8,2,PMI(139).jpg,data/raw/ECG_HistoryMI/PMI(139).jpg,data/raw/ECG_HistoryMI/PMI(139).jpg | data/raw/ECG_HistoryMI/PMI(53).jpg
156,a2be750c86e33c001895811b9ac97ac8,2,PMI(53).jpg,data/raw/ECG_HistoryMI/PMI(53).jpg,data/raw/ECG_HistoryMI/PMI(139).jpg | data/raw/ECG_HistoryMI/PMI(53).jpg
157,a32de748616e051bd0a4d75c0f0ac0c3,2,Normal(165).jpg,data/raw/ECG_Normal/Normal(165).jpg,data/raw/ECG_Normal/Normal(165).jpg | data/raw/ECG_Normal/Normal(23).jpg
157,a32de748616e051bd0a4d75c0f0ac0c3,2,Normal(23).jpg,data/raw/ECG_Normal/Normal(23).jpg,data/raw/ECG_Normal/Normal(165).jpg | data/raw/ECG_Normal/Normal(23).jpg
158,a4d7eb37ee58cefdba2c9a5e3dbfc99f,2,PMI(142).jpg,data/raw/ECG_HistoryMI/PMI(142).jpg,data/raw/ECG_HistoryMI/PMI(142).jpg | data/raw/ECG_HistoryMI/PMI(56).jpg
158,a4d7eb37ee58cefdba2c9a5e3dbfc99f,2,PMI(56).jpg,data/raw/ECG_HistoryMI/PMI(56).jpg,data/raw/ECG_HistoryMI/PMI(142).jpg | data/raw/ECG_HistoryMI/PMI(56).jpg
159,a571bc36a806215221490cecf2647084,2,PMI(111).jpg,data/raw/ECG_HistoryMI/PMI(111).jpg,data/raw/ECG_HistoryMI/PMI(111).jpg | data/raw/ECG_HistoryMI/PMI(25).jpg
159,a571bc36a806215221490cecf2647084,2,PMI(25).jpg,data/raw/ECG_HistoryMI/PMI(25).jpg,data/raw/ECG_HistoryMI/PMI(111).jpg | data/raw/ECG_HistoryMI/PMI(25).jpg
160,a64b8ae903153342ee785750f01a31d2,8,MI(105).jpg,data/raw/ECG_MI/MI(105).jpg,data/raw/ECG_MI/MI(105).jpg | data/raw/ECG_MI/MI(135).jpg | data/raw/ECG_MI/MI(15).jpg | data/raw/ECG_MI/MI(165).jpg | data/raw/ECG_MI/MI(195).jpg | data/raw/ECG_MI/MI(225).jpg | data/raw/ECG_MI/MI(45).jpg | data/raw/ECG_MI/MI(75).jpg
160,a64b8ae903153342ee785750f01a31d2,8,MI(135).jpg,data/raw/ECG_MI/MI(135).jpg,data/raw/ECG_MI/MI(105).jpg | data/raw/ECG_MI/MI(135).jpg | data/raw/ECG_MI/MI(15).jpg | data/raw/ECG_MI/MI(165).jpg | data/raw/ECG_MI/MI(195).jpg | data/raw/ECG_MI/MI(225).jpg | data/raw/ECG_MI/MI(45).jpg | data/raw/ECG_MI/MI(75).jpg
160,a64b8ae903153342ee785750f01a31d2,8,MI(15).jpg,data/raw/ECG_MI/MI(15).jpg,data/raw/ECG_MI/MI(105).jpg | data/raw/ECG_MI/MI(135).jpg | data/raw/ECG_MI/MI(15).jpg | data/raw/ECG_MI/MI(165).jpg | data/raw/ECG_MI/MI(195).jpg | data/raw/ECG_MI/MI(225).jpg | data/raw/ECG_MI/MI(45).jpg | data/raw/ECG_MI/MI(75).jpg
160,a64b8ae903153342ee785750f01a31d2,8,MI(165).jpg,data/raw/ECG_MI/MI(165).jpg,data/raw/ECG_MI/MI(105).jpg | data/raw/ECG_MI/MI(135).jpg | data/raw/ECG_MI/MI(15).jpg | data/raw/ECG_MI/MI(165).jpg | data/raw/ECG_MI/MI(195).jpg | data/raw/ECG_MI/MI(225).jpg | data/raw/ECG_MI/MI(45).jpg | data/raw/ECG_MI/MI(75).jpg
160,a64b8ae903153342ee785750f01a31d2,8,MI(195).jpg,data/raw/ECG_MI/MI(195).jpg,data/raw/ECG_MI/MI(105).jpg | data/raw/ECG_MI/MI(135).jpg | data/raw/ECG_MI/MI(15).jpg | data/raw/ECG_MI/MI(165).jpg | data/raw/ECG_MI/MI(195).jpg | data/raw/ECG_MI/MI(225).jpg | data/raw/ECG_MI/MI(45).jpg | data/raw/ECG_MI/MI(75).jpg
160,a64b8ae903153342ee785750f01a31d2,8,MI(225).jpg,data/raw/ECG_MI/MI(225).jpg,data/raw/ECG_MI/MI(105).jpg | data/raw/ECG_MI/MI(135).jpg | data/raw/ECG_MI/MI(15).jpg | data/raw/ECG_MI/MI(165).jpg | data/raw/ECG_MI/MI(195).jpg | data/raw/ECG_MI/MI(225).jpg | data/raw/ECG_MI/MI(45).jpg | data/raw/ECG_MI/MI(75).jpg
160,a64b8ae903153342ee785750f01a31d2,8,MI(45).jpg,data/raw/ECG_MI/MI(45).jpg,data/raw/ECG_MI/MI(105).jpg | data/raw/ECG_MI/MI(135).jpg | data/raw/ECG_MI/MI(15).jpg | data/raw/ECG_MI/MI(165).jpg | data/raw/ECG_MI/MI(195).jpg | data/raw/ECG_MI/MI(225).jpg | data/raw/ECG_MI/MI(45).jpg | data/raw/ECG_MI/MI(75).jpg
160,a64b8ae903153342ee785750f01a31d2,8,MI(75).jpg,data/raw/ECG_MI/MI(75).jpg,data/raw/ECG_MI/MI(105).jpg | data/raw/ECG_MI/MI(135).jpg | data/raw/ECG_MI/MI(15).jpg | data/raw/ECG_MI/MI(165).jpg | data/raw/ECG_MI/MI(195).jpg | data/raw/ECG_MI/MI(225).jpg | data/raw/ECG_MI/MI(45).jpg | data/raw/ECG_MI/MI(75).jpg
161,a7a40f3eaf86ab50f818dd57f82b3ad6,2,Normal(169).jpg,data/raw/ECG_Normal/Normal(169).jpg,data/raw/ECG_Normal/Normal(169).jpg | data/raw/ECG_Normal/Normal(27).jpg
161,a7a40f3eaf86ab50f818dd57f82b3ad6,2,Normal(27).jpg,data/raw/ECG_Normal/Normal(27).jpg,data/raw/ECG_Normal/Normal(169).jpg | data/raw/ECG_Normal/Normal(27).jpg
162,a8e5f19b0e483863cdbc5cceecbe8bc2,2,Normal(223).jpg,data/raw/ECG_Normal/Normal(223).jpg,data/raw/ECG_Normal/Normal(223).jpg | data/raw/ECG_Normal/Normal(81).jpg
162,a8e5f19b0e483863cdbc5cceecbe8bc2,2,Normal(81).jpg,data/raw/ECG_Normal/Normal(81).jpg,data/raw/ECG_Normal/Normal(223).jpg | data/raw/ECG_Normal/Normal(81).jpg
163,aa887f5b812c3525d0c58a4969e09885,2,Normal(164).jpg,data/raw/ECG_Normal/Normal(164).jpg,data/raw/ECG_Normal/Normal(164).jpg | data/raw/ECG_Normal/Normal(22).jpg
163,aa887f5b812c3525d0c58a4969e09885,2,Normal(22).jpg,data/raw/ECG_Normal/Normal(22).jpg,data/raw/ECG_Normal/Normal(164).jpg | data/raw/ECG_Normal/Normal(22).jpg
164,ace9a668636756e88c3fcbdd289825da,2,Normal(118).jpg,data/raw/ECG_Normal/Normal(118).jpg,data/raw/ECG_Normal/Normal(118).jpg | data/raw/ECG_Normal/Normal(260).jpg
164,ace9a668636756e88c3fcbdd289825da,2,Normal(260).jpg,data/raw/ECG_Normal/Normal(260).jpg,data/raw/ECG_Normal/Normal(118).jpg | data/raw/ECG_Normal/Normal(260).jpg
165,ad74943c588632e5c44ce60bffa36c8f,2,Normal(162).jpg,data/raw/ECG_Normal/Normal(162).jpg,data/raw/ECG_Normal/Normal(162).jpg | data/raw/ECG_Normal/Normal(20).jpg
165,ad74943c588632e5c44ce60bffa36c8f,2,Normal(20).jpg,data/raw/ECG_Normal/Normal(20).jpg,data/raw/ECG_Normal/Normal(162).jpg | data/raw/ECG_Normal/Normal(20).jpg
166,ad78921cf0ba4f3b6b4a607df3de8a6d,2,Normal(124).jpg,data/raw/ECG_Normal/Normal(124).jpg,data/raw/ECG_Normal/Normal(124).jpg | data/raw/ECG_Normal/Normal(266).jpg
166,ad78921cf0ba4f3b6b4a607df3de8a6d,2,Normal(266).jpg,data/raw/ECG_Normal/Normal(266).jpg,data/raw/ECG_Normal/Normal(124).jpg | data/raw/ECG_Normal/Normal(266).jpg
167,ae367536e8626264a7a3745d4f2617f1,2,Normal(188).jpg,data/raw/ECG_Normal/Normal(188).jpg,data/raw/ECG_Normal/Normal(188).jpg | data/raw/ECG_Normal/Normal(46).jpg
167,ae367536e8626264a7a3745d4f2617f1,2,Normal(46).jpg,data/raw/ECG_Normal/Normal(46).jpg,data/raw/ECG_Normal/Normal(188).jpg | data/raw/ECG_Normal/Normal(46).jpg
168,afff77f2607fdff168d65261a74be1eb,2,Normal(129).jpg,data/raw/ECG_Normal/Normal(129).jpg,data/raw/ECG_Normal/Normal(129).jpg | data/raw/ECG_Normal/Normal(271).jpg
168,afff77f2607fdff168d65261a74be1eb,2,Normal(271).jpg,data/raw/ECG_Normal/Normal(271).jpg,data/raw/ECG_Normal/Normal(129).jpg | data/raw/ECG_Normal/Normal(271).jpg
169,b0437712c88ca3553d18b76f777ee0a9,2,PMI(113).jpg,data/raw/ECG_HistoryMI/PMI(113).jpg,data/raw/ECG_HistoryMI/PMI(113).jpg | data/raw/ECG_HistoryMI/PMI(27).jpg
169,b0437712c88ca3553d18b76f777ee0a9,2,PMI(27).jpg,data/raw/ECG_HistoryMI/PMI(27).jpg,data/raw/ECG_HistoryMI/PMI(113).jpg | data/raw/ECG_HistoryMI/PMI(27).jpg
170,b1150afe5d153d05a63f2b1498023135,2,Normal(218).jpg,data/raw/ECG_Normal/Normal(218).jpg,data/raw/ECG_Normal/Normal(218).jpg | data/raw/ECG_Normal/Normal(76).jpg
170,b1150afe5d153d05a63f2b1498023135,2,Normal(76).jpg,data/raw/ECG_Normal/Normal(76).jpg,data/raw/ECG_Normal/Normal(218).jpg | data/raw/ECG_Normal/Normal(76).jpg
171,b18d5b137b4fbba22e981466a875216e,2,Normal(10).jpg,data/raw/ECG_Normal/Normal(10).jpg,data/raw/ECG_Normal/Normal(10).jpg | data/raw/ECG_Normal/Normal(152).jpg
171,b18d5b137b4fbba22e981466a875216e,2,Normal(152).jpg,data/raw/ECG_Normal/Normal(152).jpg,data/raw/ECG_Normal/Normal(10).jpg | data/raw/ECG_Normal/Normal(152).jpg
172,b37857939e5cec08686c2648c3d2d9bd,2,PMI(11).jpg,data/raw/ECG_HistoryMI/PMI(11).jpg,data/raw/ECG_HistoryMI/PMI(11).jpg | data/raw/ECG_HistoryMI/PMI(97).jpg
172,b37857939e5cec08686c2648c3d2d9bd,2,PMI(97).jpg,data/raw/ECG_HistoryMI/PMI(97).jpg,data/raw/ECG_HistoryMI/PMI(11).jpg | data/raw/ECG_HistoryMI/PMI(97).jpg
173,b3ceadfa8fb28473c54cd7bf63faaf82,2,Normal(225).jpg,data/raw/ECG_Normal/Normal(225).jpg,data/raw/ECG_Normal/Normal(225).jpg | data/raw/ECG_Normal/Normal(83).jpg
173,b3ceadfa8fb28473c54cd7bf63faaf82,2,Normal(83).jpg,data/raw/ECG_Normal/Normal(83).jpg,data/raw/ECG_Normal/Normal(225).jpg | data/raw/ECG_Normal/Normal(83).jpg
174,b4942c527555887af1cb436482cfcb01,2,PMI(1).jpg,data/raw/ECG_HistoryMI/PMI(1).jpg,data/raw/ECG_HistoryMI/PMI(1).jpg | data/raw/ECG_HistoryMI/PMI(87).jpg
174,b4942c527555887af1cb436482cfcb01,2,PMI(87).jpg,data/raw/ECG_HistoryMI/PMI(87).jpg,data/raw/ECG_HistoryMI/PMI(1).jpg | data/raw/ECG_HistoryMI/PMI(87).jpg
175,b65bac8d1252705697d7587a81ff10db,2,PMI(156).jpg,data/raw/ECG_HistoryMI/PMI(156).jpg,data/raw/ECG_HistoryMI/PMI(156).jpg | data/raw/ECG_HistoryMI/PMI(70).jpg
175,b65bac8d1252705697d7587a81ff10db,2,PMI(70).jpg,data/raw/ECG_HistoryMI/PMI(70).jpg,data/raw/ECG_HistoryMI/PMI(156).jpg | data/raw/ECG_HistoryMI/PMI(70).jpg
176,b791d104c9e9978680009c915b11054b,2,Normal(191).jpg,data/raw/ECG_Normal/Normal(191).jpg,data/raw/ECG_Normal/Normal(191).jpg | data/raw/ECG_Normal/Normal(49).jpg
176,b791d104c9e9978680009c915b11054b,2,Normal(49).jpg,data/raw/ECG_Normal/Normal(49).jpg,data/raw/ECG_Normal/Normal(191).jpg | data/raw/ECG_Normal/Normal(49).jpg
177,b7a894b443adb4f9f98f3bcdb034e210,2,PMI(168).jpg,data/raw/ECG_HistoryMI/PMI(168).jpg,data/raw/ECG_HistoryMI/PMI(168).jpg | data/raw/ECG_HistoryMI/PMI(82).jpg
177,b7a894b443adb4f9f98f3bcdb034e210,2,PMI(82).jpg,data/raw/ECG_HistoryMI/PMI(82).jpg,data/raw/ECG_HistoryMI/PMI(168).jpg | data/raw/ECG_HistoryMI/PMI(82).jpg
178,b825c4f2da117811f36958691b7a2db4,2,Normal(211).jpg,data/raw/ECG_Normal/Normal(211).jpg,data/raw/ECG_Normal/Normal(211).jpg | data/raw/ECG_Normal/Normal(69).jpg
178,b825c4f2da117811f36958691b7a2db4,2,Normal(69).jpg,data/raw/ECG_Normal/Normal(69).jpg,data/raw/ECG_Normal/Normal(211).jpg | data/raw/ECG_Normal/Normal(69).jpg
179,b854939f97f4f842256852fd8aa4cffb,2,Normal(231).jpg,data/raw/ECG_Normal/Normal(231).jpg,data/raw/ECG_Normal/Normal(231).jpg | data/raw/ECG_Normal/Normal(89).jpg
179,b854939f97f4f842256852fd8aa4cffb,2,Normal(89).jpg,data/raw/ECG_Normal/Normal(89).jpg,data/raw/ECG_Normal/Normal(231).jpg | data/raw/ECG_Normal/Normal(89).jpg
180,b8937148cd5687da9c566f16331bf458,8,MI(127).jpg,data/raw/ECG_MI/MI(127).jpg,data/raw/ECG_MI/MI(127).jpg | data/raw/ECG_MI/MI(157).jpg | data/raw/ECG_MI/MI(187).jpg | data/raw/ECG_MI/MI(217).jpg | data/raw/ECG_MI/MI(37).jpg | data/raw/ECG_MI/MI(67).jpg | data/raw/ECG_MI/MI(7).jpg | data/raw/ECG_MI/MI(97).jpg
180,b8937148cd5687da9c566f16331bf458,8,MI(157).jpg,data/raw/ECG_MI/MI(157).jpg,data/raw/ECG_MI/MI(127).jpg | data/raw/ECG_MI/MI(157).jpg | data/raw/ECG_MI/MI(187).jpg | data/raw/ECG_MI/MI(217).jpg | data/raw/ECG_MI/MI(37).jpg | data/raw/ECG_MI/MI(67).jpg | data/raw/ECG_MI/MI(7).jpg | data/raw/ECG_MI/MI(97).jpg
180,b8937148cd5687da9c566f16331bf458,8,MI(187).jpg,data/raw/ECG_MI/MI(187).jpg,data/raw/ECG_MI/MI(127).jpg | data/raw/ECG_MI/MI(157).jpg | data/raw/ECG_MI/MI(187).jpg | data/raw/ECG_MI/MI(217).jpg | data/raw/ECG_MI/MI(37).jpg | data/raw/ECG_MI/MI(67).jpg | data/raw/ECG_MI/MI(7).jpg | data/raw/ECG_MI/MI(97).jpg
180,b8937148cd5687da9c566f16331bf458,8,MI(217).jpg,data/raw/ECG_MI/MI(217).jpg,data/raw/ECG_MI/MI(127).jpg | data/raw/ECG_MI/MI(157).jpg | data/raw/ECG_MI/MI(187).jpg | data/raw/ECG_MI/MI(217).jpg | data/raw/ECG_MI/MI(37).jpg | data/raw/ECG_MI/MI(67).jpg | data/raw/ECG_MI/MI(7).jpg | data/raw/ECG_MI/MI(97).jpg
180,b8937148cd5687da9c566f16331bf458,8,MI(37).jpg,data/raw/ECG_MI/MI(37).jpg,data/raw/ECG_MI/MI(127).jpg | data/raw/ECG_MI/MI(157).jpg | data/raw/ECG_MI/MI(187).jpg | data/raw/ECG_MI/MI(217).jpg | data/raw/ECG_MI/MI(37).jpg | data/raw/ECG_MI/MI(67).jpg | data/raw/ECG_MI/MI(7).jpg | data/raw/ECG_MI/MI(97).jpg
180,b8937148cd5687da9c566f16331bf458,8,MI(67).jpg,data/raw/ECG_MI/MI(67).jpg,data/raw/ECG_MI/MI(127).jpg | data/raw/ECG_MI/MI(157).jpg | data/raw/ECG_MI/MI(187).jpg | data/raw/ECG_MI/MI(217).jpg | data/raw/ECG_MI/MI(37).jpg | data/raw/ECG_MI/MI(67).jpg | data/raw/ECG_MI/MI(7).jpg | data/raw/ECG_MI/MI(97).jpg
180,b8937148cd5687da9c566f16331bf458,8,MI(7).jpg,data/raw/ECG_MI/MI(7).jpg,data/raw/ECG_MI/MI(127).jpg | data/raw/ECG_MI/MI(157).jpg | data/raw/ECG_MI/MI(187).jpg | data/raw/ECG_MI/MI(217).jpg | data/raw/ECG_MI/MI(37).jpg | data/raw/ECG_MI/MI(67).jpg | data/raw/ECG_MI/MI(7).jpg | data/raw/ECG_MI/MI(97).jpg
180,b8937148cd5687da9c566f16331bf458,8,MI(97).jpg,data/raw/ECG_MI/MI(97).jpg,data/raw/ECG_MI/MI(127).jpg | data/raw/ECG_MI/MI(157).jpg | data/raw/ECG_MI/MI(187).jpg | data/raw/ECG_MI/MI(217).jpg | data/raw/ECG_MI/MI(37).jpg | data/raw/ECG_MI/MI(67).jpg | data/raw/ECG_MI/MI(7).jpg | data/raw/ECG_MI/MI(97).jpg
181,b924f3792eaf08662c49f2892e130b1f,2,Normal(203).jpg,data/raw/ECG_Normal/Normal(203).jpg,data/raw/ECG_Normal/Normal(203).jpg | data/raw/ECG_Normal/Normal(61).jpg
181,b924f3792eaf08662c49f2892e130b1f,2,Normal(61).jpg,data/raw/ECG_Normal/Normal(61).jpg,data/raw/ECG_Normal/Normal(203).jpg | data/raw/ECG_Normal/Normal(61).jpg
182,b968e5e828f036048cb7d7c5be30c606,2,PMI(172).jpg,data/raw/ECG_HistoryMI/PMI(172).jpg,data/raw/ECG_HistoryMI/PMI(172).jpg | data/raw/ECG_HistoryMI/PMI(86).jpg
182,b968e5e828f036048cb7d7c5be30c606,2,PMI(86).jpg,data/raw/ECG_HistoryMI/PMI(86).jpg,data/raw/ECG_HistoryMI/PMI(172).jpg | data/raw/ECG_HistoryMI/PMI(86).jpg
183,ba9dbca04aa9a3a5211b5c003d737282,2,Normal(213).jpg,data/raw/ECG_Normal/Normal(213).jpg,data/raw/ECG_Normal/Normal(213).jpg | data/raw/ECG_Normal/Normal(71).jpg
183,ba9dbca04aa9a3a5211b5c003d737282,2,Normal(71).jpg,data/raw/ECG_Normal/Normal(71).jpg,data/raw/ECG_Normal/Normal(213).jpg | data/raw/ECG_Normal/Normal(71).jpg
184,baa94db099095523358be03159903f56,2,PMI(141).jpg,data/raw/ECG_HistoryMI/PMI(141).jpg,data/raw/ECG_HistoryMI/PMI(141).jpg | data/raw/ECG_HistoryMI/PMI(55).jpg
184,baa94db099095523358be03159903f56,2,PMI(55).jpg,data/raw/ECG_HistoryMI/PMI(55).jpg,data/raw/ECG_HistoryMI/PMI(141).jpg | data/raw/ECG_HistoryMI/PMI(55).jpg
185,baf9d599e809d2f1cd6970cb78d589bb,2,Normal(212).jpg,data/raw/ECG_Normal/Normal(212).jpg,data/raw/ECG_Normal/Normal(212).jpg | data/raw/ECG_Normal/Normal(70).jpg
185,baf9d599e809d2f1cd6970cb78d589bb,2,Normal(70).jpg,data/raw/ECG_Normal/Normal(70).jpg,data/raw/ECG_Normal/Normal(212).jpg | data/raw/ECG_Normal/Normal(70).jpg
186,bbb25b0fc349db6cdef50d37f1f7bb1d,2,Normal(178).jpg,data/raw/ECG_Normal/Normal(178).jpg,data/raw/ECG_Normal/Normal(178).jpg | data/raw/ECG_Normal/Normal(36).jpg
186,bbb25b0fc349db6cdef50d37f1f7bb1d,2,Normal(36).jpg,data/raw/ECG_Normal/Normal(36).jpg,data/raw/ECG_Normal/Normal(178).jpg | data/raw/ECG_Normal/Normal(36).jpg
187,be2f16603680fe3f87954b370d33549c,2,PMI(144).jpg,data/raw/ECG_HistoryMI/PMI(144).jpg,data/raw/ECG_HistoryMI/PMI(144).jpg | data/raw/ECG_HistoryMI/PMI(58).jpg
187,be2f16603680fe3f87954b370d33549c,2,PMI(58).jpg,data/raw/ECG_HistoryMI/PMI(58).jpg,data/raw/ECG_HistoryMI/PMI(144).jpg | data/raw/ECG_HistoryMI/PMI(58).jpg
188,beb9d57399433a3211f3c2480c2661d2,2,Normal(159).jpg,data/raw/ECG_Normal/Normal(159).jpg,data/raw/ECG_Normal/Normal(159).jpg | data/raw/ECG_Normal/Normal(17).jpg
188,beb9d57399433a3211f3c2480c2661d2,2,Normal(17).jpg,data/raw/ECG_Normal/Normal(17).jpg,data/raw/ECG_Normal/Normal(159).jpg | data/raw/ECG_Normal/Normal(17).jpg
189,bfaf8e018863a8ef037b163615c2d80a,8,MI(124).jpg,data/raw/ECG_MI/MI(124).jpg,data/raw/ECG_MI/MI(124).jpg | data/raw/ECG_MI/MI(154).jpg | data/raw/ECG_MI/MI(184).jpg | data/raw/ECG_MI/MI(214).jpg | data/raw/ECG_MI/MI(34).jpg | data/raw/ECG_MI/MI(4).jpg | data/raw/ECG_MI/MI(64).jpg | data/raw/ECG_MI/MI(94).jpg
189,bfaf8e018863a8ef037b163615c2d80a,8,MI(154).jpg,data/raw/ECG_MI/MI(154).jpg,data/raw/ECG_MI/MI(124).jpg | data/raw/ECG_MI/MI(154).jpg | data/raw/ECG_MI/MI(184).jpg | data/raw/ECG_MI/MI(214).jpg | data/raw/ECG_MI/MI(34).jpg | data/raw/ECG_MI/MI(4).jpg | data/raw/ECG_MI/MI(64).jpg | data/raw/ECG_MI/MI(94).jpg
189,bfaf8e018863a8ef037b163615c2d80a,8,MI(184).jpg,data/raw/ECG_MI/MI(184).jpg,data/raw/ECG_MI/MI(124).jpg | data/raw/ECG_MI/MI(154).jpg | data/raw/ECG_MI/MI(184).jpg | data/raw/ECG_MI/MI(214).jpg | data/raw/ECG_MI/MI(34).jpg | data/raw/ECG_MI/MI(4).jpg | data/raw/ECG_MI/MI(64).jpg | data/raw/ECG_MI/MI(94).jpg
189,bfaf8e018863a8ef037b163615c2d80a,8,MI(214).jpg,data/raw/ECG_MI/MI(214).jpg,data/raw/ECG_MI/MI(124).jpg | data/raw/ECG_MI/MI(154).jpg | data/raw/ECG_MI/MI(184).jpg | data/raw/ECG_MI/MI(214).jpg | data/raw/ECG_MI/MI(34).jpg | data/raw/ECG_MI/MI(4).jpg | data/raw/ECG_MI/MI(64).jpg | data/raw/ECG_MI/MI(94).jpg
189,bfaf8e018863a8ef037b163615c2d80a,8,MI(34).jpg,data/raw/ECG_MI/MI(34).jpg,data/raw/ECG_MI/MI(124).jpg | data/raw/ECG_MI/MI(154).jpg | data/raw/ECG_MI/MI(184).jpg | data/raw/ECG_MI/MI(214).jpg | data/raw/ECG_MI/MI(34).jpg | data/raw/ECG_MI/MI(4).jpg | data/raw/ECG_MI/MI(64).jpg | data/raw/ECG_MI/MI(94).jpg
189,bfaf8e018863a8ef037b163615c2d80a,8,MI(4).jpg,data/raw/ECG_MI/MI(4).jpg,data/raw/ECG_MI/MI(124).jpg | data/raw/ECG_MI/MI(154).jpg | data/raw/ECG_MI/MI(184).jpg | data/raw/ECG_MI/MI(214).jpg | data/raw/ECG_MI/MI(34).jpg | data/raw/ECG_MI/MI(4).jpg | data/raw/ECG_MI/MI(64).jpg | data/raw/ECG_MI/MI(94).jpg
189,bfaf8e018863a8ef037b163615c2d80a,8,MI(64).jpg,data/raw/ECG_MI/MI(64).jpg,data/raw/ECG_MI/MI(124).jpg | data/raw/ECG_MI/MI(154).jpg | data/raw/ECG_MI/MI(184).jpg | data/raw/ECG_MI/MI(214).jpg | data/raw/ECG_MI/MI(34).jpg | data/raw/ECG_MI/MI(4).jpg | data/raw/ECG_MI/MI(64).jpg | data/raw/ECG_MI/MI(94).jpg
189,bfaf8e018863a8ef037b163615c2d80a,8,MI(94).jpg,data/raw/ECG_MI/MI(94).jpg,data/raw/ECG_MI/MI(124).jpg | data/raw/ECG_MI/MI(154).jpg | data/raw/ECG_MI/MI(184).jpg | data/raw/ECG_MI/MI(214).jpg | data/raw/ECG_MI/MI(34).jpg | data/raw/ECG_MI/MI(4).jpg | data/raw/ECG_MI/MI(64).jpg | data/raw/ECG_MI/MI(94).jpg
190,bfec4d7750785b6eabd82d73409c4653,8,MI(1).jpg,data/raw/ECG_MI/MI(1).jpg,data/raw/ECG_MI/MI(1).jpg | data/raw/ECG_MI/MI(121).jpg | data/raw/ECG_MI/MI(151).jpg | data/raw/ECG_MI/MI(181).jpg | data/raw/ECG_MI/MI(211).jpg | data/raw/ECG_MI/MI(31).jpg | data/raw/ECG_MI/MI(61).jpg | data/raw/ECG_MI/MI(91).jpg
190,bfec4d7750785b6eabd82d73409c4653,8,MI(121).jpg,data/raw/ECG_MI/MI(121).jpg,data/raw/ECG_MI/MI(1).jpg | data/raw/ECG_MI/MI(121).jpg | data/raw/ECG_MI/MI(151).jpg | data/raw/ECG_MI/MI(181).jpg | data/raw/ECG_MI/MI(211).jpg | data/raw/ECG_MI/MI(31).jpg | data/raw/ECG_MI/MI(61).jpg | data/raw/ECG_MI/MI(91).jpg
190,bfec4d7750785b6eabd82d73409c4653,8,MI(151).jpg,data/raw/ECG_MI/MI(151).jpg,data/raw/ECG_MI/MI(1).jpg | data/raw/ECG_MI/MI(121).jpg | data/raw/ECG_MI/MI(151).jpg | data/raw/ECG_MI/MI(181).jpg | data/raw/ECG_MI/MI(211).jpg | data/raw/ECG_MI/MI(31).jpg | data/raw/ECG_MI/MI(61).jpg | data/raw/ECG_MI/MI(91).jpg
190,bfec4d7750785b6eabd82d73409c4653,8,MI(181).jpg,data/raw/ECG_MI/MI(181).jpg,data/raw/ECG_MI/MI(1).jpg | data/raw/ECG_MI/MI(121).jpg | data/raw/ECG_MI/MI(151).jpg | data/raw/ECG_MI/MI(181).jpg | data/raw/ECG_MI/MI(211).jpg | data/raw/ECG_MI/MI(31).jpg | data/raw/ECG_MI/MI(61).jpg | data/raw/ECG_MI/MI(91).jpg
190,bfec4d7750785b6eabd82d73409c4653,8,MI(211).jpg,data/raw/ECG_MI/MI(211).jpg,data/raw/ECG_MI/MI(1).jpg | data/raw/ECG_MI/MI(121).jpg | data/raw/ECG_MI/MI(151).jpg | data/raw/ECG_MI/MI(181).jpg | data/raw/ECG_MI/MI(211).jpg | data/raw/ECG_MI/MI(31).jpg | data/raw/ECG_MI/MI(61).jpg | data/raw/ECG_MI/MI(91).jpg
190,bfec4d7750785b6eabd82d73409c4653,8,MI(31).jpg,data/raw/ECG_MI/MI(31).jpg,data/raw/ECG_MI/MI(1).jpg | data/raw/ECG_MI/MI(121).jpg | data/raw/ECG_MI/MI(151).jpg | data/raw/ECG_MI/MI(181).jpg | data/raw/ECG_MI/MI(211).jpg | data/raw/ECG_MI/MI(31).jpg | data/raw/ECG_MI/MI(61).jpg | data/raw/ECG_MI/MI(91).jpg
190,bfec4d7750785b6eabd82d73409c4653,8,MI(61).jpg,data/raw/ECG_MI/MI(61).jpg,data/raw/ECG_MI/MI(1).jpg | data/raw/ECG_MI/MI(121).jpg | data/raw/ECG_MI/MI(151).jpg | data/raw/ECG_MI/MI(181).jpg | data/raw/ECG_MI/MI(211).jpg | data/raw/ECG_MI/MI(31).jpg | data/raw/ECG_MI/MI(61).jpg | data/raw/ECG_MI/MI(91).jpg
190,bfec4d7750785b6eabd82d73409c4653,8,MI(91).jpg,data/raw/ECG_MI/MI(91).jpg,data/raw/ECG_MI/MI(1).jpg | data/raw/ECG_MI/MI(121).jpg | data/raw/ECG_MI/MI(151).jpg | data/raw/ECG_MI/MI(181).jpg | data/raw/ECG_MI/MI(211).jpg | data/raw/ECG_MI/MI(31).jpg | data/raw/ECG_MI/MI(61).jpg | data/raw/ECG_MI/MI(91).jpg
191,c024f15a0186ba354b9ec7b3126914ef,2,Normal(106).jpg,data/raw/ECG_Normal/Normal(106).jpg,data/raw/ECG_Normal/Normal(106).jpg | data/raw/ECG_Normal/Normal(248).jpg
191,c024f15a0186ba354b9ec7b3126914ef,2,Normal(248).jpg,data/raw/ECG_Normal/Normal(248).jpg,data/raw/ECG_Normal/Normal(106).jpg | data/raw/ECG_Normal/Normal(248).jpg
192,c0e7b05dd0c08ca537d5d8cf59e9a35a,2,PMI(137).jpg,data/raw/ECG_HistoryMI/PMI(137).jpg,data/raw/ECG_HistoryMI/PMI(137).jpg | data/raw/ECG_HistoryMI/PMI(51).jpg
192,c0e7b05dd0c08ca537d5d8cf59e9a35a,2,PMI(51).jpg,data/raw/ECG_HistoryMI/PMI(51).jpg,data/raw/ECG_HistoryMI/PMI(137).jpg | data/raw/ECG_HistoryMI/PMI(51).jpg
193,c13ce0ced549c431138669b691a2c095,2,Normal(171).jpg,data/raw/ECG_Normal/Normal(171).jpg,data/raw/ECG_Normal/Normal(171).jpg | data/raw/ECG_Normal/Normal(29).jpg
193,c13ce0ced549c431138669b691a2c095,2,Normal(29).jpg,data/raw/ECG_Normal/Normal(29).jpg,data/raw/ECG_Normal/Normal(171).jpg | data/raw/ECG_Normal/Normal(29).jpg
194,c2318c32a517086f973c01cddda6491d,8,MI(115).jpg,data/raw/ECG_MI/MI(115).jpg,data/raw/ECG_MI/MI(115).jpg | data/raw/ECG_MI/MI(145).jpg | data/raw/ECG_MI/MI(175).jpg | data/raw/ECG_MI/MI(205).jpg | data/raw/ECG_MI/MI(235).jpg | data/raw/ECG_MI/MI(25).jpg | data/raw/ECG_MI/MI(55).jpg | data/raw/ECG_MI/MI(85).jpg
194,c2318c32a517086f973c01cddda6491d,8,MI(145).jpg,data/raw/ECG_MI/MI(145).jpg,data/raw/ECG_MI/MI(115).jpg | data/raw/ECG_MI/MI(145).jpg | data/raw/ECG_MI/MI(175).jpg | data/raw/ECG_MI/MI(205).jpg | data/raw/ECG_MI/MI(235).jpg | data/raw/ECG_MI/MI(25).jpg | data/raw/ECG_MI/MI(55).jpg | data/raw/ECG_MI/MI(85).jpg
194,c2318c32a517086f973c01cddda6491d,8,MI(175).jpg,data/raw/ECG_MI/MI(175).jpg,data/raw/ECG_MI/MI(115).jpg | data/raw/ECG_MI/MI(145).jpg | data/raw/ECG_MI/MI(175).jpg | data/raw/ECG_MI/MI(205).jpg | data/raw/ECG_MI/MI(235).jpg | data/raw/ECG_MI/MI(25).jpg | data/raw/ECG_MI/MI(55).jpg | data/raw/ECG_MI/MI(85).jpg
194,c2318c32a517086f973c01cddda6491d,8,MI(205).jpg,data/raw/ECG_MI/MI(205).jpg,data/raw/ECG_MI/MI(115).jpg | data/raw/ECG_MI/MI(145).jpg | data/raw/ECG_MI/MI(175).jpg | data/raw/ECG_MI/MI(205).jpg | data/raw/ECG_MI/MI(235).jpg | data/raw/ECG_MI/MI(25).jpg | data/raw/ECG_MI/MI(55).jpg | data/raw/ECG_MI/MI(85).jpg
194,c2318c32a517086f973c01cddda6491d,8,MI(235).jpg,data/raw/ECG_MI/MI(235).jpg,data/raw/ECG_MI/MI(115).jpg | data/raw/ECG_MI/MI(145).jpg | data/raw/ECG_MI/MI(175).jpg | data/raw/ECG_MI/MI(205).jpg | data/raw/ECG_MI/MI(235).jpg | data/raw/ECG_MI/MI(25).jpg | data/raw/ECG_MI/MI(55).jpg | data/raw/ECG_MI/MI(85).jpg
194,c2318c32a517086f973c01cddda6491d,8,MI(25).jpg,data/raw/ECG_MI/MI(25).jpg,data/raw/ECG_MI/MI(115).jpg | data/raw/ECG_MI/MI(145).jpg | data/raw/ECG_MI/MI(175).jpg | data/raw/ECG_MI/MI(205).jpg | data/raw/ECG_MI/MI(235).jpg | data/raw/ECG_MI/MI(25).jpg | data/raw/ECG_MI/MI(55).jpg | data/raw/ECG_MI/MI(85).jpg
194,c2318c32a517086f973c01cddda6491d,8,MI(55).jpg,data/raw/ECG_MI/MI(55).jpg,data/raw/ECG_MI/MI(115).jpg | data/raw/ECG_MI/MI(145).jpg | data/raw/ECG_MI/MI(175).jpg | data/raw/ECG_MI/MI(205).jpg | data/raw/ECG_MI/MI(235).jpg | data/raw/ECG_MI/MI(25).jpg | data/raw/ECG_MI/MI(55).jpg | data/raw/ECG_MI/MI(85).jpg
194,c2318c32a517086f973c01cddda6491d,8,MI(85).jpg,data/raw/ECG_MI/MI(85).jpg,data/raw/ECG_MI/MI(115).jpg | data/raw/ECG_MI/MI(145).jpg | data/raw/ECG_MI/MI(175).jpg | data/raw/ECG_MI/MI(205).jpg | data/raw/ECG_MI/MI(235).jpg | data/raw/ECG_MI/MI(25).jpg | data/raw/ECG_MI/MI(55).jpg | data/raw/ECG_MI/MI(85).jpg
195,c27a2379b41e6cd01b9ff7b24246244f,2,Normal(168).jpg,data/raw/ECG_Normal/Normal(168).jpg,data/raw/ECG_Normal/Normal(168).jpg | data/raw/ECG_Normal/Normal(26).jpg
195,c27a2379b41e6cd01b9ff7b24246244f,2,Normal(26).jpg,data/raw/ECG_Normal/Normal(26).jpg,data/raw/ECG_Normal/Normal(168).jpg | data/raw/ECG_Normal/Normal(26).jpg
196,c51345c43265514acaae0395ae50728b,8,MI(110).jpg,data/raw/ECG_MI/MI(110).jpg,data/raw/ECG_MI/MI(110).jpg | data/raw/ECG_MI/MI(140).jpg | data/raw/ECG_MI/MI(170).jpg | data/raw/ECG_MI/MI(20).jpg | data/raw/ECG_MI/MI(200).jpg | data/raw/ECG_MI/MI(230).jpg | data/raw/ECG_MI/MI(50).jpg | data/raw/ECG_MI/MI(80).jpg
196,c51345c43265514acaae0395ae50728b,8,MI(140).jpg,data/raw/ECG_MI/MI(140).jpg,data/raw/ECG_MI/MI(110).jpg | data/raw/ECG_MI/MI(140).jpg | data/raw/ECG_MI/MI(170).jpg | data/raw/ECG_MI/MI(20).jpg | data/raw/ECG_MI/MI(200).jpg | data/raw/ECG_MI/MI(230).jpg | data/raw/ECG_MI/MI(50).jpg | data/raw/ECG_MI/MI(80).jpg
196,c51345c43265514acaae0395ae50728b,8,MI(170).jpg,data/raw/ECG_MI/MI(170).jpg,data/raw/ECG_MI/MI(110).jpg | data/raw/ECG_MI/MI(140).jpg | data/raw/ECG_MI/MI(170).jpg | data/raw/ECG_MI/MI(20).jpg | data/raw/ECG_MI/MI(200).jpg | data/raw/ECG_MI/MI(230).jpg | data/raw/ECG_MI/MI(50).jpg | data/raw/ECG_MI/MI(80).jpg
196,c51345c43265514acaae0395ae50728b,8,MI(20).jpg,data/raw/ECG_MI/MI(20).jpg,data/raw/ECG_MI/MI(110).jpg | data/raw/ECG_MI/MI(140).jpg | data/raw/ECG_MI/MI(170).jpg | data/raw/ECG_MI/MI(20).jpg | data/raw/ECG_MI/MI(200).jpg | data/raw/ECG_MI/MI(230).jpg | data/raw/ECG_MI/MI(50).jpg | data/raw/ECG_MI/MI(80).jpg
196,c51345c43265514acaae0395ae50728b,8,MI(200).jpg,data/raw/ECG_MI/MI(200).jpg,data/raw/ECG_MI/MI(110).jpg | data/raw/ECG_MI/MI(140).jpg | data/raw/ECG_MI/MI(170).jpg | data/raw/ECG_MI/MI(20).jpg | data/raw/ECG_MI/MI(200).jpg | data/raw/ECG_MI/MI(230).jpg | data/raw/ECG_MI/MI(50).jpg | data/raw/ECG_MI/MI(80).jpg
196,c51345c43265514acaae0395ae50728b,8,MI(230).jpg,data/raw/ECG_MI/MI(230).jpg,data/raw/ECG_MI/MI(110).jpg | data/raw/ECG_MI/MI(140).jpg | data/raw/ECG_MI/MI(170).jpg | data/raw/ECG_MI/MI(20).jpg | data/raw/ECG_MI/MI(200).jpg | data/raw/ECG_MI/MI(230).jpg | data/raw/ECG_MI/MI(50).jpg | data/raw/ECG_MI/MI(80).jpg
196,c51345c43265514acaae0395ae50728b,8,MI(50).jpg,data/raw/ECG_MI/MI(50).jpg,data/raw/ECG_MI/MI(110).jpg | data/raw/ECG_MI/MI(140).jpg | data/raw/ECG_MI/MI(170).jpg | data/raw/ECG_MI/MI(20).jpg | data/raw/ECG_MI/MI(200).jpg | data/raw/ECG_MI/MI(230).jpg | data/raw/ECG_MI/MI(50).jpg | data/raw/ECG_MI/MI(80).jpg
196,c51345c43265514acaae0395ae50728b,8,MI(80).jpg,data/raw/ECG_MI/MI(80).jpg,data/raw/ECG_MI/MI(110).jpg | data/raw/ECG_MI/MI(140).jpg | data/raw/ECG_MI/MI(170).jpg | data/raw/ECG_MI/MI(20).jpg | data/raw/ECG_MI/MI(200).jpg | data/raw/ECG_MI/MI(230).jpg | data/raw/ECG_MI/MI(50).jpg | data/raw/ECG_MI/MI(80).jpg
197,c55263f3764c37bad7456c3a9229b7eb,2,Normal(100).jpg,data/raw/ECG_Normal/Normal(100).jpg,data/raw/ECG_Normal/Normal(100).jpg | data/raw/ECG_Normal/Normal(242).jpg
197,c55263f3764c37bad7456c3a9229b7eb,2,Normal(242).jpg,data/raw/ECG_Normal/Normal(242).jpg,data/raw/ECG_Normal/Normal(100).jpg | data/raw/ECG_Normal/Normal(242).jpg
198,c5a92705b9e53d90a06e1af7d9a38b5f,2,PMI(132).jpg,data/raw/ECG_HistoryMI/PMI(132).jpg,data/raw/ECG_HistoryMI/PMI(132).jpg | data/raw/ECG_HistoryMI/PMI(46).jpg
198,c5a92705b9e53d90a06e1af7d9a38b5f,2,PMI(46).jpg,data/raw/ECG_HistoryMI/PMI(46).jpg,data/raw/ECG_HistoryMI/PMI(132).jpg | data/raw/ECG_HistoryMI/PMI(46).jpg
199,c64f6e250add20cc09f7b901f5f96658,2,Normal(217).jpg,data/raw/ECG_Normal/Normal(217).jpg,data/raw/ECG_Normal/Normal(217).jpg | data/raw/ECG_Normal/Normal(75).jpg
199,c64f6e250add20cc09f7b901f5f96658,2,Normal(75).jpg,data/raw/ECG_Normal/Normal(75).jpg,data/raw/ECG_Normal/Normal(217).jpg | data/raw/ECG_Normal/Normal(75).jpg
200,c714117435cd337220dcdff4d510ac1b,2,PMI(151).jpg,data/raw/ECG_HistoryMI/PMI(151).jpg,data/raw/ECG_HistoryMI/PMI(151).jpg | data/raw/ECG_HistoryMI/PMI(65).jpg
200,c714117435cd337220dcdff4d510ac1b,2,PMI(65).jpg,data/raw/ECG_HistoryMI/PMI(65).jpg,data/raw/ECG_HistoryMI/PMI(151).jpg | data/raw/ECG_HistoryMI/PMI(65).jpg
201,c8deacfe2ea4e06924adcde64b5350ca,2,PMI(131).jpg,data/raw/ECG_HistoryMI/PMI(131).jpg,data/raw/ECG_HistoryMI/PMI(131).jpg | data/raw/ECG_HistoryMI/PMI(45).jpg
201,c8deacfe2ea4e06924adcde64b5350ca,2,PMI(45).jpg,data/raw/ECG_HistoryMI/PMI(45).jpg,data/raw/ECG_HistoryMI/PMI(131).jpg | data/raw/ECG_HistoryMI/PMI(45).jpg
202,c97addb2965ced2d3e25a46f6eeb4a8e,2,Normal(145).jpg,data/raw/ECG_Normal/Normal(145).jpg,data/raw/ECG_Normal/Normal(145).jpg | data/raw/ECG_Normal/Normal(3).jpg
202,c97addb2965ced2d3e25a46f6eeb4a8e,2,Normal(3).jpg,data/raw/ECG_Normal/Normal(3).jpg,data/raw/ECG_Normal/Normal(145).jpg | data/raw/ECG_Normal/Normal(3).jpg
203,cb11b87d5c8b6555736a350d6b15f729,8,MI(112).jpg,data/raw/ECG_MI/MI(112).jpg,data/raw/ECG_MI/MI(112).jpg | data/raw/ECG_MI/MI(142).jpg | data/raw/ECG_MI/MI(172).jpg | data/raw/ECG_MI/MI(202).jpg | data/raw/ECG_MI/MI(22).jpg | data/raw/ECG_MI/MI(232).jpg | data/raw/ECG_MI/MI(52).jpg | data/raw/ECG_MI/MI(82).jpg
203,cb11b87d5c8b6555736a350d6b15f729,8,MI(142).jpg,data/raw/ECG_MI/MI(142).jpg,data/raw/ECG_MI/MI(112).jpg | data/raw/ECG_MI/MI(142).jpg | data/raw/ECG_MI/MI(172).jpg | data/raw/ECG_MI/MI(202).jpg | data/raw/ECG_MI/MI(22).jpg | data/raw/ECG_MI/MI(232).jpg | data/raw/ECG_MI/MI(52).jpg | data/raw/ECG_MI/MI(82).jpg
203,cb11b87d5c8b6555736a350d6b15f729,8,MI(172).jpg,data/raw/ECG_MI/MI(172).jpg,data/raw/ECG_MI/MI(112).jpg | data/raw/ECG_MI/MI(142).jpg | data/raw/ECG_MI/MI(172).jpg | data/raw/ECG_MI/MI(202).jpg | data/raw/ECG_MI/MI(22).jpg | data/raw/ECG_MI/MI(232).jpg | data/raw/ECG_MI/MI(52).jpg | data/raw/ECG_MI/MI(82).jpg
203,cb11b87d5c8b6555736a350d6b15f729,8,MI(202).jpg,data/raw/ECG_MI/MI(202).jpg,data/raw/ECG_MI/MI(112).jpg | data/raw/ECG_MI/MI(142).jpg | data/raw/ECG_MI/MI(172).jpg | data/raw/ECG_MI/MI(202).jpg | data/raw/ECG_MI/MI(22).jpg | data/raw/ECG_MI/MI(232).jpg | data/raw/ECG_MI/MI(52).jpg | data/raw/ECG_MI/MI(82).jpg
203,cb11b87d5c8b6555736a350d6b15f729,8,MI(22).jpg,data/raw/ECG_MI/MI(22).jpg,data/raw/ECG_MI/MI(112).jpg | data/raw/ECG_MI/MI(142).jpg | data/raw/ECG_MI/MI(172).jpg | data/raw/ECG_MI/MI(202).jpg | data/raw/ECG_MI/MI(22).jpg | data/raw/ECG_MI/MI(232).jpg | data/raw/ECG_MI/MI(52).jpg | data/raw/ECG_MI/MI(82).jpg
203,cb11b87d5c8b6555736a350d6b15f729,8,MI(232).jpg,data/raw/ECG_MI/MI(232).jpg,data/raw/ECG_MI/MI(112).jpg | data/raw/ECG_MI/MI(142).jpg | data/raw/ECG_MI/MI(172).jpg | data/raw/ECG_MI/MI(202).jpg | data/raw/ECG_MI/MI(22).jpg | data/raw/ECG_MI/MI(232).jpg | data/raw/ECG_MI/MI(52).jpg | data/raw/ECG_MI/MI(82).jpg
203,cb11b87d5c8b6555736a350d6b15f729,8,MI(52).jpg,data/raw/ECG_MI/MI(52).jpg,data/raw/ECG_MI/MI(112).jpg | data/raw/ECG_MI/MI(142).jpg | data/raw/ECG_MI/MI(172).jpg | data/raw/ECG_MI/MI(202).jpg | data/raw/ECG_MI/MI(22).jpg | data/raw/ECG_MI/MI(232).jpg | data/raw/ECG_MI/MI(52).jpg | data/raw/ECG_MI/MI(82).jpg
203,cb11b87d5c8b6555736a350d6b15f729,8,MI(82).jpg,data/raw/ECG_MI/MI(82).jpg,data/raw/ECG_MI/MI(112).jpg | data/raw/ECG_MI/MI(142).jpg | data/raw/ECG_MI/MI(172).jpg | data/raw/ECG_MI/MI(202).jpg | data/raw/ECG_MI/MI(22).jpg | data/raw/ECG_MI/MI(232).jpg | data/raw/ECG_MI/MI(52).jpg | data/raw/ECG_MI/MI(82).jpg
204,cc863a638ab5e6c13c3d5b940b8168bf,2,PMI(121).jpg,data/raw/ECG_HistoryMI/PMI(121).jpg,data/raw/ECG_HistoryMI/PMI(121).jpg | data/raw/ECG_HistoryMI/PMI(35).jpg
204,cc863a638ab5e6c13c3d5b940b8168bf,2,PMI(35).jpg,data/raw/ECG_HistoryMI/PMI(35).jpg,data/raw/ECG_HistoryMI/PMI(121).jpg | data/raw/ECG_HistoryMI/PMI(35).jpg
205,cd28ac5b71163f8c454e0a9bd2f884b1,2,Normal(137).jpg,data/raw/ECG_Normal/Normal(137).jpg,data/raw/ECG_Normal/Normal(137).jpg | data/raw/ECG_Normal/Normal(279).jpg
205,cd28ac5b71163f8c454e0a9bd2f884b1,2,Normal(279).jpg,data/raw/ECG_Normal/Normal(279).jpg,data/raw/ECG_Normal/Normal(137).jpg | data/raw/ECG_Normal/Normal(279).jpg
206,cd920c4383b4faf69f0235b01b01d1dd,2,Normal(214).jpg,data/raw/ECG_Normal/Normal(214).jpg,data/raw/ECG_Normal/Normal(214).jpg | data/raw/ECG_Normal/Normal(72).jpg
206,cd920c4383b4faf69f0235b01b01d1dd,2,Normal(72).jpg,data/raw/ECG_Normal/Normal(72).jpg,data/raw/ECG_Normal/Normal(214).jpg | data/raw/ECG_Normal/Normal(72).jpg
207,cf292c54b5e1e69956bd20f6d53f07ab,2,PMI(149).jpg,data/raw/ECG_HistoryMI/PMI(149).jpg,data/raw/ECG_HistoryMI/PMI(149).jpg | data/raw/ECG_HistoryMI/PMI(63).jpg
207,cf292c54b5e1e69956bd20f6d53f07ab,2,PMI(63).jpg,data/raw/ECG_HistoryMI/PMI(63).jpg,data/raw/ECG_HistoryMI/PMI(149).jpg | data/raw/ECG_HistoryMI/PMI(63).jpg
208,d2311e22cfa306863c38b52fc593a261,8,MI(128).jpg,data/raw/ECG_MI/MI(128).jpg,data/raw/ECG_MI/MI(128).jpg | data/raw/ECG_MI/MI(158).jpg | data/raw/ECG_MI/MI(188).jpg | data/raw/ECG_MI/MI(218).jpg | data/raw/ECG_MI/MI(38).jpg | data/raw/ECG_MI/MI(68).jpg | data/raw/ECG_MI/MI(8).jpg | data/raw/ECG_MI/MI(98).jpg
208,d2311e22cfa306863c38b52fc593a261,8,MI(158).jpg,data/raw/ECG_MI/MI(158).jpg,data/raw/ECG_MI/MI(128).jpg | data/raw/ECG_MI/MI(158).jpg | data/raw/ECG_MI/MI(188).jpg | data/raw/ECG_MI/MI(218).jpg | data/raw/ECG_MI/MI(38).jpg | data/raw/ECG_MI/MI(68).jpg | data/raw/ECG_MI/MI(8).jpg | data/raw/ECG_MI/MI(98).jpg
208,d2311e22cfa306863c38b52fc593a261,8,MI(188).jpg,data/raw/ECG_MI/MI(188).jpg,data/raw/ECG_MI/MI(128).jpg | data/raw/ECG_MI/MI(158).jpg | data/raw/ECG_MI/MI(188).jpg | data/raw/ECG_MI/MI(218).jpg | data/raw/ECG_MI/MI(38).jpg | data/raw/ECG_MI/MI(68).jpg | data/raw/ECG_MI/MI(8).jpg | data/raw/ECG_MI/MI(98).jpg
208,d2311e22cfa306863c38b52fc593a261,8,MI(218).jpg,data/raw/ECG_MI/MI(218).jpg,data/raw/ECG_MI/MI(128).jpg | data/raw/ECG_MI/MI(158).jpg | data/raw/ECG_MI/MI(188).jpg | data/raw/ECG_MI/MI(218).jpg | data/raw/ECG_MI/MI(38).jpg | data/raw/ECG_MI/MI(68).jpg | data/raw/ECG_MI/MI(8).jpg | data/raw/ECG_MI/MI(98).jpg
208,d2311e22cfa306863c38b52fc593a261,8,MI(38).jpg,data/raw/ECG_MI/MI(38).jpg,data/raw/ECG_MI/MI(128).jpg | data/raw/ECG_MI/MI(158).jpg | data/raw/ECG_MI/MI(188).jpg | data/raw/ECG_MI/MI(218).jpg | data/raw/ECG_MI/MI(38).jpg | data/raw/ECG_MI/MI(68).jpg | data/raw/ECG_MI/MI(8).jpg | data/raw/ECG_MI/MI(98).jpg
208,d2311e22cfa306863c38b52fc593a261,8,MI(68).jpg,data/raw/ECG_MI/MI(68).jpg,data/raw/ECG_MI/MI(128).jpg | data/raw/ECG_MI/MI(158).jpg | data/raw/ECG_MI/MI(188).jpg | data/raw/ECG_MI/MI(218).jpg | data/raw/ECG_MI/MI(38).jpg | data/raw/ECG_MI/MI(68).jpg | data/raw/ECG_MI/MI(8).jpg | data/raw/ECG_MI/MI(98).jpg
208,d2311e22cfa306863c38b52fc593a261,8,MI(8).jpg,data/raw/ECG_MI/MI(8).jpg,data/raw/ECG_MI/MI(128).jpg | data/raw/ECG_MI/MI(158).jpg | data/raw/ECG_MI/MI(188).jpg | data/raw/ECG_MI/MI(218).jpg | data/raw/ECG_MI/MI(38).jpg | data/raw/ECG_MI/MI(68).jpg | data/raw/ECG_MI/MI(8).jpg | data/raw/ECG_MI/MI(98).jpg
208,d2311e22cfa306863c38b52fc593a261,8,MI(98).jpg,data/raw/ECG_MI/MI(98).jpg,data/raw/ECG_MI/MI(128).jpg | data/raw/ECG_MI/MI(158).jpg | data/raw/ECG_MI/MI(188).jpg | data/raw/ECG_MI/MI(218).jpg | data/raw/ECG_MI/MI(38).jpg | data/raw/ECG_MI/MI(68).jpg | data/raw/ECG_MI/MI(8).jpg | data/raw/ECG_MI/MI(98).jpg
209,d300b946e3a4187dd290674bec105cbf,8,MI(10).jpg,data/raw/ECG_MI/MI(10).jpg,data/raw/ECG_MI/MI(10).jpg | data/raw/ECG_MI/MI(100).jpg | data/raw/ECG_MI/MI(130).jpg | data/raw/ECG_MI/MI(160).jpg | data/raw/ECG_MI/MI(190).jpg | data/raw/ECG_MI/MI(220).jpg | data/raw/ECG_MI/MI(40).jpg | data/raw/ECG_MI/MI(70).jpg
209,d300b946e3a4187dd290674bec105cbf,8,MI(100).jpg,data/raw/ECG_MI/MI(100).jpg,data/raw/ECG_MI/MI(10).jpg | data/raw/ECG_MI/MI(100).jpg | data/raw/ECG_MI/MI(130).jpg | data/raw/ECG_MI/MI(160).jpg | data/raw/ECG_MI/MI(190).jpg | data/raw/ECG_MI/MI(220).jpg | data/raw/ECG_MI/MI(40).jpg | data/raw/ECG_MI/MI(70).jpg
209,d300b946e3a4187dd290674bec105cbf,8,MI(130).jpg,data/raw/ECG_MI/MI(130).jpg,data/raw/ECG_MI/MI(10).jpg | data/raw/ECG_MI/MI(100).jpg | data/raw/ECG_MI/MI(130).jpg | data/raw/ECG_MI/MI(160).jpg | data/raw/ECG_MI/MI(190).jpg | data/raw/ECG_MI/MI(220).jpg | data/raw/ECG_MI/MI(40).jpg | data/raw/ECG_MI/MI(70).jpg
209,d300b946e3a4187dd290674bec105cbf,8,MI(160).jpg,data/raw/ECG_MI/MI(160).jpg,data/raw/ECG_MI/MI(10).jpg | data/raw/ECG_MI/MI(100).jpg | data/raw/ECG_MI/MI(130).jpg | data/raw/ECG_MI/MI(160).jpg | data/raw/ECG_MI/MI(190).jpg | data/raw/ECG_MI/MI(220).jpg | data/raw/ECG_MI/MI(40).jpg | data/raw/ECG_MI/MI(70).jpg
209,d300b946e3a4187dd290674bec105cbf,8,MI(190).jpg,data/raw/ECG_MI/MI(190).jpg,data/raw/ECG_MI/MI(10).jpg | data/raw/ECG_MI/MI(100).jpg | data/raw/ECG_MI/MI(130).jpg | data/raw/ECG_MI/MI(160).jpg | data/raw/ECG_MI/MI(190).jpg | data/raw/ECG_MI/MI(220).jpg | data/raw/ECG_MI/MI(40).jpg | data/raw/ECG_MI/MI(70).jpg
209,d300b946e3a4187dd290674bec105cbf,8,MI(220).jpg,data/raw/ECG_MI/MI(220).jpg,data/raw/ECG_MI/MI(10).jpg | data/raw/ECG_MI/MI(100).jpg | data/raw/ECG_MI/MI(130).jpg | data/raw/ECG_MI/MI(160).jpg | data/raw/ECG_MI/MI(190).jpg | data/raw/ECG_MI/MI(220).jpg | data/raw/ECG_MI/MI(40).jpg | data/raw/ECG_MI/MI(70).jpg
209,d300b946e3a4187dd290674bec105cbf,8,MI(40).jpg,data/raw/ECG_MI/MI(40).jpg,data/raw/ECG_MI/MI(10).jpg | data/raw/ECG_MI/MI(100).jpg | data/raw/ECG_MI/MI(130).jpg | data/raw/ECG_MI/MI(160).jpg | data/raw/ECG_MI/MI(190).jpg | data/raw/ECG_MI/MI(220).jpg | data/raw/ECG_MI/MI(40).jpg | data/raw/ECG_MI/MI(70).jpg
209,d300b946e3a4187dd290674bec105cbf,8,MI(70).jpg,data/raw/ECG_MI/MI(70).jpg,data/raw/ECG_MI/MI(10).jpg | data/raw/ECG_MI/MI(100).jpg | data/raw/ECG_MI/MI(130).jpg | data/raw/ECG_MI/MI(160).jpg | data/raw/ECG_MI/MI(190).jpg | data/raw/ECG_MI/MI(220).jpg | data/raw/ECG_MI/MI(40).jpg | data/raw/ECG_MI/MI(70).jpg
210,d35ee6873ebdac348484e46fe50883ed,7,MI(125).jpg,data/raw/ECG_MI/MI(125).jpg,data/raw/ECG_MI/MI(125).jpg | data/raw/ECG_MI/MI(155).jpg | data/raw/ECG_MI/MI(185).jpg | data/raw/ECG_MI/MI(35).jpg | data/raw/ECG_MI/MI(5).jpg | data/raw/ECG_MI/MI(65).jpg | data/raw/ECG_MI/MI(95).jpg
210,d35ee6873ebdac348484e46fe50883ed,7,MI(155).jpg,data/raw/ECG_MI/MI(155).jpg,data/raw/ECG_MI/MI(125).jpg | data/raw/ECG_MI/MI(155).jpg | data/raw/ECG_MI/MI(185).jpg | data/raw/ECG_MI/MI(35).jpg | data/raw/ECG_MI/MI(5).jpg | data/raw/ECG_MI/MI(65).jpg | data/raw/ECG_MI/MI(95).jpg
210,d35ee6873ebdac348484e46fe50883ed,7,MI(185).jpg,data/raw/ECG_MI/MI(185).jpg,data/raw/ECG_MI/MI(125).jpg | data/raw/ECG_MI/MI(155).jpg | data/raw/ECG_MI/MI(185).jpg | data/raw/ECG_MI/MI(35).jpg | data/raw/ECG_MI/MI(5).jpg | data/raw/ECG_MI/MI(65).jpg | data/raw/ECG_MI/MI(95).jpg
210,d35ee6873ebdac348484e46fe50883ed,7,MI(35).jpg,data/raw/ECG_MI/MI(35).jpg,data/raw/ECG_MI/MI(125).jpg | data/raw/ECG_MI/MI(155).jpg | data/raw/ECG_MI/MI(185).jpg | data/raw/ECG_MI/MI(35).jpg | data/raw/ECG_MI/MI(5).jpg | data/raw/ECG_MI/MI(65).jpg | data/raw/ECG_MI/MI(95).jpg
210,d35ee6873ebdac348484e46fe50883ed,7,MI(5).jpg,data/raw/ECG_MI/MI(5).jpg,data/raw/ECG_MI/MI(125).jpg | data/raw/ECG_MI/MI(155).jpg | data/raw/ECG_MI/MI(185).jpg | data/raw/ECG_MI/MI(35).jpg | data/raw/ECG_MI/MI(5).jpg | data/raw/ECG_MI/MI(65).jpg | data/raw/ECG_MI/MI(95).jpg
210,d35ee6873ebdac348484e46fe50883ed,7,MI(65).jpg,data/raw/ECG_MI/MI(65).jpg,data/raw/ECG_MI/MI(125).jpg | data/raw/ECG_MI/MI(155).jpg | data/raw/ECG_MI/MI(185).jpg | data/raw/ECG_MI/MI(35).jpg | data/raw/ECG_MI/MI(5).jpg | data/raw/ECG_MI/MI(65).jpg | data/raw/ECG_MI/MI(95).jpg
210,d35ee6873ebdac348484e46fe50883ed,7,MI(95).jpg,data/raw/ECG_MI/MI(95).jpg,data/raw/ECG_MI/MI(125).jpg | data/raw/ECG_MI/MI(155).jpg | data/raw/ECG_MI/MI(185).jpg | data/raw/ECG_MI/MI(35).jpg | data/raw/ECG_MI/MI(5).jpg | data/raw/ECG_MI/MI(65).jpg | data/raw/ECG_MI/MI(95).jpg
211,d38c90474f1952763ab96e2c7c72d7c3,8,MI(117).jpg,data/raw/ECG_MI/MI(117).jpg,data/raw/ECG_MI/MI(117).jpg | data/raw/ECG_MI/MI(147).jpg | data/raw/ECG_MI/MI(177).jpg | data/raw/ECG_MI/MI(207).jpg | data/raw/ECG_MI/MI(237).jpg | data/raw/ECG_MI/MI(27).jpg | data/raw/ECG_MI/MI(57).jpg | data/raw/ECG_MI/MI(87).jpg
211,d38c90474f1952763ab96e2c7c72d7c3,8,MI(147).jpg,data/raw/ECG_MI/MI(147).jpg,data/raw/ECG_MI/MI(117).jpg | data/raw/ECG_MI/MI(147).jpg | data/raw/ECG_MI/MI(177).jpg | data/raw/ECG_MI/MI(207).jpg | data/raw/ECG_MI/MI(237).jpg | data/raw/ECG_MI/MI(27).jpg | data/raw/ECG_MI/MI(57).jpg | data/raw/ECG_MI/MI(87).jpg
211,d38c90474f1952763ab96e2c7c72d7c3,8,MI(177).jpg,data/raw/ECG_MI/MI(177).jpg,data/raw/ECG_MI/MI(117).jpg | data/raw/ECG_MI/MI(147).jpg | data/raw/ECG_MI/MI(177).jpg | data/raw/ECG_MI/MI(207).jpg | data/raw/ECG_MI/MI(237).jpg | data/raw/ECG_MI/MI(27).jpg | data/raw/ECG_MI/MI(57).jpg | data/raw/ECG_MI/MI(87).jpg
211,d38c90474f1952763ab96e2c7c72d7c3,8,MI(207).jpg,data/raw/ECG_MI/MI(207).jpg,data/raw/ECG_MI/MI(117).jpg | data/raw/ECG_MI/MI(147).jpg | data/raw/ECG_MI/MI(177).jpg | data/raw/ECG_MI/MI(207).jpg | data/raw/ECG_MI/MI(237).jpg | data/raw/ECG_MI/MI(27).jpg | data/raw/ECG_MI/MI(57).jpg | data/raw/ECG_MI/MI(87).jpg
211,d38c90474f1952763ab96e2c7c72d7c3,8,MI(237).jpg,data/raw/ECG_MI/MI(237).jpg,data/raw/ECG_MI/MI(117).jpg | data/raw/ECG_MI/MI(147).jpg | data/raw/ECG_MI/MI(177).jpg | data/raw/ECG_MI/MI(207).jpg | data/raw/ECG_MI/MI(237).jpg | data/raw/ECG_MI/MI(27).jpg | data/raw/ECG_MI/MI(57).jpg | data/raw/ECG_MI/MI(87).jpg
211,d38c90474f1952763ab96e2c7c72d7c3,8,MI(27).jpg,data/raw/ECG_MI/MI(27).jpg,data/raw/ECG_MI/MI(117).jpg | data/raw/ECG_MI/MI(147).jpg | data/raw/ECG_MI/MI(177).jpg | data/raw/ECG_MI/MI(207).jpg | data/raw/ECG_MI/MI(237).jpg | data/raw/ECG_MI/MI(27).jpg | data/raw/ECG_MI/MI(57).jpg | data/raw/ECG_MI/MI(87).jpg
211,d38c90474f1952763ab96e2c7c72d7c3,8,MI(57).jpg,data/raw/ECG_MI/MI(57).jpg,data/raw/ECG_MI/MI(117).jpg | data/raw/ECG_MI/MI(147).jpg | data/raw/ECG_MI/MI(177).jpg | data/raw/ECG_MI/MI(207).jpg | data/raw/ECG_MI/MI(237).jpg | data/raw/ECG_MI/MI(27).jpg | data/raw/ECG_MI/MI(57).jpg | data/raw/ECG_MI/MI(87).jpg
211,d38c90474f1952763ab96e2c7c72d7c3,8,MI(87).jpg,data/raw/ECG_MI/MI(87).jpg,data/raw/ECG_MI/MI(117).jpg | data/raw/ECG_MI/MI(147).jpg | data/raw/ECG_MI/MI(177).jpg | data/raw/ECG_MI/MI(207).jpg | data/raw/ECG_MI/MI(237).jpg | data/raw/ECG_MI/MI(27).jpg | data/raw/ECG_MI/MI(57).jpg | data/raw/ECG_MI/MI(87).jpg
212,d3ff2a725d387baa023ac3c2a62cd720,2,Normal(175).jpg,data/raw/ECG_Normal/Normal(175).jpg,data/raw/ECG_Normal/Normal(175).jpg | data/raw/ECG_Normal/Normal(33).jpg
212,d3ff2a725d387baa023ac3c2a62cd720,2,Normal(33).jpg,data/raw/ECG_Normal/Normal(33).jpg,data/raw/ECG_Normal/Normal(175).jpg | data/raw/ECG_Normal/Normal(33).jpg
213,d43e53e00770327db50281ca2998bcf2,2,Normal(149).jpg,data/raw/ECG_Normal/Normal(149).jpg,data/raw/ECG_Normal/Normal(149).jpg | data/raw/ECG_Normal/Normal(7).jpg
213,d43e53e00770327db50281ca2998bcf2,2,Normal(7).jpg,data/raw/ECG_Normal/Normal(7).jpg,data/raw/ECG_Normal/Normal(149).jpg | data/raw/ECG_Normal/Normal(7).jpg
214,da1ea2198a1a3d0d19c3039d893f12e4,2,PMI(122).jpg,data/raw/ECG_HistoryMI/PMI(122).jpg,data/raw/ECG_HistoryMI/PMI(122).jpg | data/raw/ECG_HistoryMI/PMI(36).jpg
214,da1ea2198a1a3d0d19c3039d893f12e4,2,PMI(36).jpg,data/raw/ECG_HistoryMI/PMI(36).jpg,data/raw/ECG_HistoryMI/PMI(122).jpg | data/raw/ECG_HistoryMI/PMI(36).jpg
215,dac1c027f8e20fbbb15ac4e82c3d14d9,2,PMI(3).jpg,data/raw/ECG_HistoryMI/PMI(3).jpg,data/raw/ECG_HistoryMI/PMI(3).jpg | data/raw/ECG_HistoryMI/PMI(89).jpg
215,dac1c027f8e20fbbb15ac4e82c3d14d9,2,PMI(89).jpg,data/raw/ECG_HistoryMI/PMI(89).jpg,data/raw/ECG_HistoryMI/PMI(3).jpg | data/raw/ECG_HistoryMI/PMI(89).jpg
216,dbb5216442052c3227d072b276157c73,2,PMI(157).jpg,data/raw/ECG_HistoryMI/PMI(157).jpg,data/raw/ECG_HistoryMI/PMI(157).jpg | data/raw/ECG_HistoryMI/PMI(71).jpg
216,dbb5216442052c3227d072b276157c73,2,PMI(71).jpg,data/raw/ECG_HistoryMI/PMI(71).jpg,data/raw/ECG_HistoryMI/PMI(157).jpg | data/raw/ECG_HistoryMI/PMI(71).jpg
217,de5311ed75633b66f1701149d6da43fb,2,Normal(107).jpg,data/raw/ECG_Normal/Normal(107).jpg,data/raw/ECG_Normal/Normal(107).jpg | data/raw/ECG_Normal/Normal(249).jpg
217,de5311ed75633b66f1701149d6da43fb,2,Normal(249).jpg,data/raw/ECG_Normal/Normal(249).jpg,data/raw/ECG_Normal/Normal(107).jpg | data/raw/ECG_Normal/Normal(249).jpg
218,e021768135b398ba76947aa906cc7815,2,Normal(150).jpg,data/raw/ECG_Normal/Normal(150).jpg,data/raw/ECG_Normal/Normal(150).jpg | data/raw/ECG_Normal/Normal(8).jpg
218,e021768135b398ba76947aa906cc7815,2,Normal(8).jpg,data/raw/ECG_Normal/Normal(8).jpg,data/raw/ECG_Normal/Normal(150).jpg | data/raw/ECG_Normal/Normal(8).jpg
219,e077e63be78a324e49692263fd968a44,2,Normal(140).jpg,data/raw/ECG_Normal/Normal(140).jpg,data/raw/ECG_Normal/Normal(140).jpg | data/raw/ECG_Normal/Normal(282).jpg
219,e077e63be78a324e49692263fd968a44,2,Normal(282).jpg,data/raw/ECG_Normal/Normal(282).jpg,data/raw/ECG_Normal/Normal(140).jpg | data/raw/ECG_Normal/Normal(282).jpg
220,e2a0e4a3700665e46e8ac5ffa91f614b,2,PMI(109).jpg,data/raw/ECG_HistoryMI/PMI(109).jpg,data/raw/ECG_HistoryMI/PMI(109).jpg | data/raw/ECG_HistoryMI/PMI(23).jpg
220,e2a0e4a3700665e46e8ac5ffa91f614b,2,PMI(23).jpg,data/raw/ECG_HistoryMI/PMI(23).jpg,data/raw/ECG_HistoryMI/PMI(109).jpg | data/raw/ECG_HistoryMI/PMI(23).jpg
221,e2ee0999ac0fb264788c208c2aebf194,2,Normal(130).jpg,data/raw/ECG_Normal/Normal(130).jpg,data/raw/ECG_Normal/Normal(130).jpg | data/raw/ECG_Normal/Normal(272).jpg
221,e2ee0999ac0fb264788c208c2aebf194,2,Normal(272).jpg,data/raw/ECG_Normal/Normal(272).jpg,data/raw/ECG_Normal/Normal(130).jpg | data/raw/ECG_Normal/Normal(272).jpg
222,e308b5f800ce861ca74a07497bcb3caf,2,PMI(145).jpg,data/raw/ECG_HistoryMI/PMI(145).jpg,data/raw/ECG_HistoryMI/PMI(145).jpg | data/raw/ECG_HistoryMI/PMI(59).jpg
222,e308b5f800ce861ca74a07497bcb3caf,2,PMI(59).jpg,data/raw/ECG_HistoryMI/PMI(59).jpg,data/raw/ECG_HistoryMI/PMI(145).jpg | data/raw/ECG_HistoryMI/PMI(59).jpg
223,e31d50a0063962ab4c5532ff003ad18b,2,PMI(105).jpg,data/raw/ECG_HistoryMI/PMI(105).jpg,data/raw/ECG_HistoryMI/PMI(105).jpg | data/raw/ECG_HistoryMI/PMI(19).jpg
223,e31d50a0063962ab4c5532ff003ad18b,2,PMI(19).jpg,data/raw/ECG_HistoryMI/PMI(19).jpg,data/raw/ECG_HistoryMI/PMI(105).jpg | data/raw/ECG_HistoryMI/PMI(19).jpg
224,e3c0e231d91cc8e42dcdefe0da30e6e8,2,Normal(240).jpg,data/raw/ECG_Normal/Normal(240).jpg,data/raw/ECG_Normal/Normal(240).jpg | data/raw/ECG_Normal/Normal(98).jpg
224,e3c0e231d91cc8e42dcdefe0da30e6e8,2,Normal(98).jpg,data/raw/ECG_Normal/Normal(98).jpg,data/raw/ECG_Normal/Normal(240).jpg | data/raw/ECG_Normal/Normal(98).jpg
225,e3cda8b6ccb3de46ba36abe157f778e7,2,Normal(205).jpg,data/raw/ECG_Normal/Normal(205).jpg,data/raw/ECG_Normal/Normal(205).jpg | data/raw/ECG_Normal/Normal(63).jpg
225,e3cda8b6ccb3de46ba36abe157f778e7,2,Normal(63).jpg,data/raw/ECG_Normal/Normal(63).jpg,data/raw/ECG_Normal/Normal(205).jpg | data/raw/ECG_Normal/Normal(63).jpg
226,e4bc64f7148efe02a8717c9969760705,2,Normal(117).jpg,data/raw/ECG_Normal/Normal(117).jpg,data/raw/ECG_Normal/Normal(117).jpg | data/raw/ECG_Normal/Normal(259).jpg
226,e4bc64f7148efe02a8717c9969760705,2,Normal(259).jpg,data/raw/ECG_Normal/Normal(259).jpg,data/raw/ECG_Normal/Normal(117).jpg | data/raw/ECG_Normal/Normal(259).jpg
227,e4fb387b3af546a67a4ce8ffefd5f999,2,PMI(152).jpg,data/raw/ECG_HistoryMI/PMI(152).jpg,data/raw/ECG_HistoryMI/PMI(152).jpg | data/raw/ECG_HistoryMI/PMI(66).jpg
227,e4fb387b3af546a67a4ce8ffefd5f999,2,PMI(66).jpg,data/raw/ECG_HistoryMI/PMI(66).jpg,data/raw/ECG_HistoryMI/PMI(152).jpg | data/raw/ECG_HistoryMI/PMI(66).jpg
228,e6a3d6fa00b63bd61b3fa5452dd860d9,2,PMI(162).jpg,data/raw/ECG_HistoryMI/PMI(162).jpg,data/raw/ECG_HistoryMI/PMI(162).jpg | data/raw/ECG_HistoryMI/PMI(76).jpg
228,e6a3d6fa00b63bd61b3fa5452dd860d9,2,PMI(76).jpg,data/raw/ECG_HistoryMI/PMI(76).jpg,data/raw/ECG_HistoryMI/PMI(162).jpg | data/raw/ECG_HistoryMI/PMI(76).jpg
229,e78c5cde119aa6c3b3a9d01f9dcf0837,2,PMI(160).jpg,data/raw/ECG_HistoryMI/PMI(160).jpg,data/raw/ECG_HistoryMI/PMI(160).jpg | data/raw/ECG_HistoryMI/PMI(74).jpg
229,e78c5cde119aa6c3b3a9d01f9dcf0837,2,PMI(74).jpg,data/raw/ECG_HistoryMI/PMI(74).jpg,data/raw/ECG_HistoryMI/PMI(160).jpg | data/raw/ECG_HistoryMI/PMI(74).jpg
230,e89aa842c65ab4a009c1e6f5bffeb62a,8,MI(129).jpg,data/raw/ECG_MI/MI(129).jpg,data/raw/ECG_MI/MI(129).jpg | data/raw/ECG_MI/MI(159).jpg | data/raw/ECG_MI/MI(189).jpg | data/raw/ECG_MI/MI(219).jpg | data/raw/ECG_MI/MI(39).jpg | data/raw/ECG_MI/MI(69).jpg | data/raw/ECG_MI/MI(9).jpg | data/raw/ECG_MI/MI(99).jpg
230,e89aa842c65ab4a009c1e6f5bffeb62a,8,MI(159).jpg,data/raw/ECG_MI/MI(159).jpg,data/raw/ECG_MI/MI(129).jpg | data/raw/ECG_MI/MI(159).jpg | data/raw/ECG_MI/MI(189).jpg | data/raw/ECG_MI/MI(219).jpg | data/raw/ECG_MI/MI(39).jpg | data/raw/ECG_MI/MI(69).jpg | data/raw/ECG_MI/MI(9).jpg | data/raw/ECG_MI/MI(99).jpg
230,e89aa842c65ab4a009c1e6f5bffeb62a,8,MI(189).jpg,data/raw/ECG_MI/MI(189).jpg,data/raw/ECG_MI/MI(129).jpg | data/raw/ECG_MI/MI(159).jpg | data/raw/ECG_MI/MI(189).jpg | data/raw/ECG_MI/MI(219).jpg | data/raw/ECG_MI/MI(39).jpg | data/raw/ECG_MI/MI(69).jpg | data/raw/ECG_MI/MI(9).jpg | data/raw/ECG_MI/MI(99).jpg
230,e89aa842c65ab4a009c1e6f5bffeb62a,8,MI(219).jpg,data/raw/ECG_MI/MI(219).jpg,data/raw/ECG_MI/MI(129).jpg | data/raw/ECG_MI/MI(159).jpg | data/raw/ECG_MI/MI(189).jpg | data/raw/ECG_MI/MI(219).jpg | data/raw/ECG_MI/MI(39).jpg | data/raw/ECG_MI/MI(69).jpg | data/raw/ECG_MI/MI(9).jpg | data/raw/ECG_MI/MI(99).jpg
230,e89aa842c65ab4a009c1e6f5bffeb62a,8,MI(39).jpg,data/raw/ECG_MI/MI(39).jpg,data/raw/ECG_MI/MI(129).jpg | data/raw/ECG_MI/MI(159).jpg | data/raw/ECG_MI/MI(189).jpg | data/raw/ECG_MI/MI(219).jpg | data/raw/ECG_MI/MI(39).jpg | data/raw/ECG_MI/MI(69).jpg | data/raw/ECG_MI/MI(9).jpg | data/raw/ECG_MI/MI(99).jpg
230,e89aa842c65ab4a009c1e6f5bffeb62a,8,MI(69).jpg,data/raw/ECG_MI/MI(69).jpg,data/raw/ECG_MI/MI(129).jpg | data/raw/ECG_MI/MI(159).jpg | data/raw/ECG_MI/MI(189).jpg | data/raw/ECG_MI/MI(219).jpg | data/raw/ECG_MI/MI(39).jpg | data/raw/ECG_MI/MI(69).jpg | data/raw/ECG_MI/MI(9).jpg | data/raw/ECG_MI/MI(99).jpg
230,e89aa842c65ab4a009c1e6f5bffeb62a,8,MI(9).jpg,data/raw/ECG_MI/MI(9).jpg,data/raw/ECG_MI/MI(129).jpg | data/raw/ECG_MI/MI(159).jpg | data/raw/ECG_MI/MI(189).jpg | data/raw/ECG_MI/MI(219).jpg | data/raw/ECG_MI/MI(39).jpg | data/raw/ECG_MI/MI(69).jpg | data/raw/ECG_MI/MI(9).jpg | data/raw/ECG_MI/MI(99).jpg
230,e89aa842c65ab4a009c1e6f5bffeb62a,8,MI(99).jpg,data/raw/ECG_MI/MI(99).jpg,data/raw/ECG_MI/MI(129).jpg | data/raw/ECG_MI/MI(159).jpg | data/raw/ECG_MI/MI(189).jpg | data/raw/ECG_MI/MI(219).jpg | data/raw/ECG_MI/MI(39).jpg | data/raw/ECG_MI/MI(69).jpg | data/raw/ECG_MI/MI(9).jpg | data/raw/ECG_MI/MI(99).jpg
231,e98bc0c58ab4464ebc5c825e4940f743,2,Normal(234).jpg,data/raw/ECG_Normal/Normal(234).jpg,data/raw/ECG_Normal/Normal(234).jpg | data/raw/ECG_Normal/Normal(92).jpg
231,e98bc0c58ab4464ebc5c825e4940f743,2,Normal(92).jpg,data/raw/ECG_Normal/Normal(92).jpg,data/raw/ECG_Normal/Normal(234).jpg | data/raw/ECG_Normal/Normal(92).jpg
232,ebd4aac46244e4cba9d0c3169c77c657,2,PMI(159).jpg,data/raw/ECG_HistoryMI/PMI(159).jpg,data/raw/ECG_HistoryMI/PMI(159).jpg | data/raw/ECG_HistoryMI/PMI(73).jpg
232,ebd4aac46244e4cba9d0c3169c77c657,2,PMI(73).jpg,data/raw/ECG_HistoryMI/PMI(73).jpg,data/raw/ECG_HistoryMI/PMI(159).jpg | data/raw/ECG_HistoryMI/PMI(73).jpg
233,ebf6398044b9ed5d6955a7c06b8fe09c,2,Normal(122).jpg,data/raw/ECG_Normal/Normal(122).jpg,data/raw/ECG_Normal/Normal(122).jpg | data/raw/ECG_Normal/Normal(264).jpg
233,ebf6398044b9ed5d6955a7c06b8fe09c,2,Normal(264).jpg,data/raw/ECG_Normal/Normal(264).jpg,data/raw/ECG_Normal/Normal(122).jpg | data/raw/ECG_Normal/Normal(264).jpg
234,eccecd4f916fe01ecde5046488075609,2,Normal(105).jpg,data/raw/ECG_Normal/Normal(105).jpg,data/raw/ECG_Normal/Normal(105).jpg | data/raw/ECG_Normal/Normal(247).jpg
234,eccecd4f916fe01ecde5046488075609,2,Normal(247).jpg,data/raw/ECG_Normal/Normal(247).jpg,data/raw/ECG_Normal/Normal(105).jpg | data/raw/ECG_Normal/Normal(247).jpg
235,ed9cde442f74380ea53f4ffcf4e7b52b,2,Normal(167).jpg,data/raw/ECG_Normal/Normal(167).jpg,data/raw/ECG_Normal/Normal(167).jpg | data/raw/ECG_Normal/Normal(25).jpg
235,ed9cde442f74380ea53f4ffcf4e7b52b,2,Normal(25).jpg,data/raw/ECG_Normal/Normal(25).jpg,data/raw/ECG_Normal/Normal(167).jpg | data/raw/ECG_Normal/Normal(25).jpg
236,eda4e8e47164ef7f051e5f49847b14b0,2,Normal(196).jpg,data/raw/ECG_Normal/Normal(196).jpg,data/raw/ECG_Normal/Normal(196).jpg | data/raw/ECG_Normal/Normal(54).jpg
236,eda4e8e47164ef7f051e5f49847b14b0,2,Normal(54).jpg,data/raw/ECG_Normal/Normal(54).jpg,data/raw/ECG_Normal/Normal(196).jpg | data/raw/ECG_Normal/Normal(54).jpg
237,eebb58bef3650e5366acc0e7061552c2,2,Normal(194).jpg,data/raw/ECG_Normal/Normal(194).jpg,data/raw/ECG_Normal/Normal(194).jpg | data/raw/ECG_Normal/Normal(52).jpg
237,eebb58bef3650e5366acc0e7061552c2,2,Normal(52).jpg,data/raw/ECG_Normal/Normal(52).jpg,data/raw/ECG_Normal/Normal(194).jpg | data/raw/ECG_Normal/Normal(52).jpg
238,ef3923088c87bc95cd4e6aea4d8d53ab,2,Normal(136).jpg,data/raw/ECG_Normal/Normal(136).jpg,data/raw/ECG_Normal/Normal(136).jpg | data/raw/ECG_Normal/Normal(278).jpg
238,ef3923088c87bc95cd4e6aea4d8d53ab,2,Normal(278).jpg,data/raw/ECG_Normal/Normal(278).jpg,data/raw/ECG_Normal/Normal(136).jpg | data/raw/ECG_Normal/Normal(278).jpg
239,f01fecb917a53c1fd5018e51ffd52d0e,2,PMI(150).jpg,data/raw/ECG_HistoryMI/PMI(150).jpg,data/raw/ECG_HistoryMI/PMI(150).jpg | data/raw/ECG_HistoryMI/PMI(64).jpg
239,f01fecb917a53c1fd5018e51ffd52d0e,2,PMI(64).jpg,data/raw/ECG_HistoryMI/PMI(64).jpg,data/raw/ECG_HistoryMI/PMI(150).jpg | data/raw/ECG_HistoryMI/PMI(64).jpg
240,f08845dcb58ccc7b2365b12c01eed079,2,Normal(133).jpg,data/raw/ECG_Normal/Normal(133).jpg,data/raw/ECG_Normal/Normal(133).jpg | data/raw/ECG_Normal/Normal(275).jpg
240,f08845dcb58ccc7b2365b12c01eed079,2,Normal(275).jpg,data/raw/ECG_Normal/Normal(275).jpg,data/raw/ECG_Normal/Normal(133).jpg | data/raw/ECG_Normal/Normal(275).jpg
241,f1c24f6c89f6a5dd15c6a4b7cfba5567,2,Normal(229).jpg,data/raw/ECG_Normal/Normal(229).jpg,data/raw/ECG_Normal/Normal(229).jpg | data/raw/ECG_Normal/Normal(87).jpg
241,f1c24f6c89f6a5dd15c6a4b7cfba5567,2,Normal(87).jpg,data/raw/ECG_Normal/Normal(87).jpg,data/raw/ECG_Normal/Normal(229).jpg | data/raw/ECG_Normal/Normal(87).jpg
242,f299683993ab0d553391aa00ee04dc03,2,PMI(106).jpg,data/raw/ECG_HistoryMI/PMI(106).jpg,data/raw/ECG_HistoryMI/PMI(106).jpg | data/raw/ECG_HistoryMI/PMI(20).jpg
242,f299683993ab0d553391aa00ee04dc03,2,PMI(20).jpg,data/raw/ECG_HistoryMI/PMI(20).jpg,data/raw/ECG_HistoryMI/PMI(106).jpg | data/raw/ECG_HistoryMI/PMI(20).jpg
243,f5a0d7719682a292d281012a8f4f3cf4,2,PMI(166).jpg,data/raw/ECG_HistoryMI/PMI(166).jpg,data/raw/ECG_HistoryMI/PMI(166).jpg | data/raw/ECG_HistoryMI/PMI(80).jpg
243,f5a0d7719682a292d281012a8f4f3cf4,2,PMI(80).jpg,data/raw/ECG_HistoryMI/PMI(80).jpg,data/raw/ECG_HistoryMI/PMI(166).jpg | data/raw/ECG_HistoryMI/PMI(80).jpg
244,f5cce3a6794307607de335e34a22ca2a,2,Normal(190).jpg,data/raw/ECG_Normal/Normal(190).jpg,data/raw/ECG_Normal/Normal(190).jpg | data/raw/ECG_Normal/Normal(48).jpg
244,f5cce3a6794307607de335e34a22ca2a,2,Normal(48).jpg,data/raw/ECG_Normal/Normal(48).jpg,data/raw/ECG_Normal/Normal(190).jpg | data/raw/ECG_Normal/Normal(48).jpg
245,f60ed121021f3c35683e2fe4275567ca,2,Normal(115).jpg,data/raw/ECG_Normal/Normal(115).jpg,data/raw/ECG_Normal/Normal(115).jpg | data/raw/ECG_Normal/Normal(257).jpg
245,f60ed121021f3c35683e2fe4275567ca,2,Normal(257).jpg,data/raw/ECG_Normal/Normal(257).jpg,data/raw/ECG_Normal/Normal(115).jpg | data/raw/ECG_Normal/Normal(257).jpg
246,f6692ad9dfdc5be45de555e0e94ea82c,2,PMI(115).jpg,data/raw/ECG_HistoryMI/PMI(115).jpg,data/raw/ECG_HistoryMI/PMI(115).jpg | data/raw/ECG_HistoryMI/PMI(29).jpg
246,f6692ad9dfdc5be45de555e0e94ea82c,2,PMI(29).jpg,data/raw/ECG_HistoryMI/PMI(29).jpg,data/raw/ECG_HistoryMI/PMI(115).jpg | data/raw/ECG_HistoryMI/PMI(29).jpg
247,f71287b62868b8011c99d301b8468ede,8,MI(120).jpg,data/raw/ECG_MI/MI(120).jpg,data/raw/ECG_MI/MI(120).jpg | data/raw/ECG_MI/MI(150).jpg | data/raw/ECG_MI/MI(180).jpg | data/raw/ECG_MI/MI(210).jpg | data/raw/ECG_MI/MI(240).jpg | data/raw/ECG_MI/MI(30).jpg | data/raw/ECG_MI/MI(60).jpg | data/raw/ECG_MI/MI(90).jpg
247,f71287b62868b8011c99d301b8468ede,8,MI(150).jpg,data/raw/ECG_MI/MI(150).jpg,data/raw/ECG_MI/MI(120).jpg | data/raw/ECG_MI/MI(150).jpg | data/raw/ECG_MI/MI(180).jpg | data/raw/ECG_MI/MI(210).jpg | data/raw/ECG_MI/MI(240).jpg | data/raw/ECG_MI/MI(30).jpg | data/raw/ECG_MI/MI(60).jpg | data/raw/ECG_MI/MI(90).jpg
247,f71287b62868b8011c99d301b8468ede,8,MI(180).jpg,data/raw/ECG_MI/MI(180).jpg,data/raw/ECG_MI/MI(120).jpg | data/raw/ECG_MI/MI(150).jpg | data/raw/ECG_MI/MI(180).jpg | data/raw/ECG_MI/MI(210).jpg | data/raw/ECG_MI/MI(240).jpg | data/raw/ECG_MI/MI(30).jpg | data/raw/ECG_MI/MI(60).jpg | data/raw/ECG_MI/MI(90).jpg
247,f71287b62868b8011c99d301b8468ede,8,MI(210).jpg,data/raw/ECG_MI/MI(210).jpg,data/raw/ECG_MI/MI(120).jpg | data/raw/ECG_MI/MI(150).jpg | data/raw/ECG_MI/MI(180).jpg | data/raw/ECG_MI/MI(210).jpg | data/raw/ECG_MI/MI(240).jpg | data/raw/ECG_MI/MI(30).jpg | data/raw/ECG_MI/MI(60).jpg | data/raw/ECG_MI/MI(90).jpg
247,f71287b62868b8011c99d301b8468ede,8,MI(240).jpg,data/raw/ECG_MI/MI(240).jpg,data/raw/ECG_MI/MI(120).jpg | data/raw/ECG_MI/MI(150).jpg | data/raw/ECG_MI/MI(180).jpg | data/raw/ECG_MI/MI(210).jpg | data/raw/ECG_MI/MI(240).jpg | data/raw/ECG_MI/MI(30).jpg | data/raw/ECG_MI/MI(60).jpg | data/raw/ECG_MI/MI(90).jpg
247,f71287b62868b8011c99d301b8468ede,8,MI(30).jpg,data/raw/ECG_MI/MI(30).jpg,data/raw/ECG_MI/MI(120).jpg | data/raw/ECG_MI/MI(150).jpg | data/raw/ECG_MI/MI(180).jpg | data/raw/ECG_MI/MI(210).jpg | data/raw/ECG_MI/MI(240).jpg | data/raw/ECG_MI/MI(30).jpg | data/raw/ECG_MI/MI(60).jpg | data/raw/ECG_MI/MI(90).jpg
247,f71287b62868b8011c99d301b8468ede,8,MI(60).jpg,data/raw/ECG_MI/MI(60).jpg,data/raw/ECG_MI/MI(120).jpg | data/raw/ECG_MI/MI(150).jpg | data/raw/ECG_MI/MI(180).jpg | data/raw/ECG_MI/MI(210).jpg | data/raw/ECG_MI/MI(240).jpg | data/raw/ECG_MI/MI(30).jpg | data/raw/ECG_MI/MI(60).jpg | data/raw/ECG_MI/MI(90).jpg
247,f71287b62868b8011c99d301b8468ede,8,MI(90).jpg,data/raw/ECG_MI/MI(90).jpg,data/raw/ECG_MI/MI(120).jpg | data/raw/ECG_MI/MI(150).jpg | data/raw/ECG_MI/MI(180).jpg | data/raw/ECG_MI/MI(210).jpg | data/raw/ECG_MI/MI(240).jpg | data/raw/ECG_MI/MI(30).jpg | data/raw/ECG_MI/MI(60).jpg | data/raw/ECG_MI/MI(90).jpg
248,f71fe3579f00a6f47edeec5aa33b9a5e,2,Normal(200).jpg,data/raw/ECG_Normal/Normal(200).jpg,data/raw/ECG_Normal/Normal(200).jpg | data/raw/ECG_Normal/Normal(58).jpg
248,f71fe3579f00a6f47edeec5aa33b9a5e,2,Normal(58).jpg,data/raw/ECG_Normal/Normal(58).jpg,data/raw/ECG_Normal/Normal(200).jpg | data/raw/ECG_Normal/Normal(58).jpg
249,f74666ee72b8e8ad7a0538e293d30d26,2,Normal(116).jpg,data/raw/ECG_Normal/Normal(116).jpg,data/raw/ECG_Normal/Normal(116).jpg | data/raw/ECG_Normal/Normal(258).jpg
249,f74666ee72b8e8ad7a0538e293d30d26,2,Normal(258).jpg,data/raw/ECG_Normal/Normal(258).jpg,data/raw/ECG_Normal/Normal(116).jpg | data/raw/ECG_Normal/Normal(258).jpg
250,f7ca7ee23eb7cb5a35da134523fc9a15,2,Normal(174).jpg,data/raw/ECG_Normal/Normal(174).jpg,data/raw/ECG_Normal/Normal(174).jpg | data/raw/ECG_Normal/Normal(32).jpg
250,f7ca7ee23eb7cb5a35da134523fc9a15,2,Normal(32).jpg,data/raw/ECG_Normal/Normal(32).jpg,data/raw/ECG_Normal/Normal(174).jpg | data/raw/ECG_Normal/Normal(32).jpg
251,f8717fab26ac74ce79683d215b8b9d94,2,Normal(198).jpg,data/raw/ECG_Normal/Normal(198).jpg,data/raw/ECG_Normal/Normal(198).jpg | data/raw/ECG_Normal/Normal(56).jpg
251,f8717fab26ac74ce79683d215b8b9d94,2,Normal(56).jpg,data/raw/ECG_Normal/Normal(56).jpg,data/raw/ECG_Normal/Normal(198).jpg | data/raw/ECG_Normal/Normal(56).jpg
252,f9771d2375d11303ce5865ccac1dde6d,8,MI(122).jpg,data/raw/ECG_MI/MI(122).jpg,data/raw/ECG_MI/MI(122).jpg | data/raw/ECG_MI/MI(152).jpg | data/raw/ECG_MI/MI(182).jpg | data/raw/ECG_MI/MI(2).jpg | data/raw/ECG_MI/MI(212).jpg | data/raw/ECG_MI/MI(32).jpg | data/raw/ECG_MI/MI(62).jpg | data/raw/ECG_MI/MI(92).jpg
252,f9771d2375d11303ce5865ccac1dde6d,8,MI(152).jpg,data/raw/ECG_MI/MI(152).jpg,data/raw/ECG_MI/MI(122).jpg | data/raw/ECG_MI/MI(152).jpg | data/raw/ECG_MI/MI(182).jpg | data/raw/ECG_MI/MI(2).jpg | data/raw/ECG_MI/MI(212).jpg | data/raw/ECG_MI/MI(32).jpg | data/raw/ECG_MI/MI(62).jpg | data/raw/ECG_MI/MI(92).jpg
252,f9771d2375d11303ce5865ccac1dde6d,8,MI(182).jpg,data/raw/ECG_MI/MI(182).jpg,data/raw/ECG_MI/MI(122).jpg | data/raw/ECG_MI/MI(152).jpg | data/raw/ECG_MI/MI(182).jpg | data/raw/ECG_MI/MI(2).jpg | data/raw/ECG_MI/MI(212).jpg | data/raw/ECG_MI/MI(32).jpg | data/raw/ECG_MI/MI(62).jpg | data/raw/ECG_MI/MI(92).jpg
252,f9771d2375d11303ce5865ccac1dde6d,8,MI(2).jpg,data/raw/ECG_MI/MI(2).jpg,data/raw/ECG_MI/MI(122).jpg | data/raw/ECG_MI/MI(152).jpg | data/raw/ECG_MI/MI(182).jpg | data/raw/ECG_MI/MI(2).jpg | data/raw/ECG_MI/MI(212).jpg | data/raw/ECG_MI/MI(32).jpg | data/raw/ECG_MI/MI(62).jpg | data/raw/ECG_MI/MI(92).jpg
252,f9771d2375d11303ce5865ccac1dde6d,8,MI(212).jpg,data/raw/ECG_MI/MI(212).jpg,data/raw/ECG_MI/MI(122).jpg | data/raw/ECG_MI/MI(152).jpg | data/raw/ECG_MI/MI(182).jpg | data/raw/ECG_MI/MI(2).jpg | data/raw/ECG_MI/MI(212).jpg | data/raw/ECG_MI/MI(32).jpg | data/raw/ECG_MI/MI(62).jpg | data/raw/ECG_MI/MI(92).jpg
252,f9771d2375d11303ce5865ccac1dde6d,8,MI(32).jpg,data/raw/ECG_MI/MI(32).jpg,data/raw/ECG_MI/MI(122).jpg | data/raw/ECG_MI/MI(152).jpg | data/raw/ECG_MI/MI(182).jpg | data/raw/ECG_MI/MI(2).jpg | data/raw/ECG_MI/MI(212).jpg | data/raw/ECG_MI/MI(32).jpg | data/raw/ECG_MI/MI(62).jpg | data/raw/ECG_MI/MI(92).jpg
252,f9771d2375d11303ce5865ccac1dde6d,8,MI(62).jpg,data/raw/ECG_MI/MI(62).jpg,data/raw/ECG_MI/MI(122).jpg | data/raw/ECG_MI/MI(152).jpg | data/raw/ECG_MI/MI(182).jpg | data/raw/ECG_MI/MI(2).jpg | data/raw/ECG_MI/MI(212).jpg | data/raw/ECG_MI/MI(32).jpg | data/raw/ECG_MI/MI(62).jpg | data/raw/ECG_MI/MI(92).jpg
252,f9771d2375d11303ce5865ccac1dde6d,8,MI(92).jpg,data/raw/ECG_MI/MI(92).jpg,data/raw/ECG_MI/MI(122).jpg | data/raw/ECG_MI/MI(152).jpg | data/raw/ECG_MI/MI(182).jpg | data/raw/ECG_MI/MI(2).jpg | data/raw/ECG_MI/MI(212).jpg | data/raw/ECG_MI/MI(32).jpg | data/raw/ECG_MI/MI(62).jpg | data/raw/ECG_MI/MI(92).jpg
253,fb2a5f181675efca7998a4bcfd25be8e,2,Normal(233).jpg,data/raw/ECG_Normal/Normal(233).jpg,data/raw/ECG_Normal/Normal(233).jpg | data/raw/ECG_Normal/Normal(91).jpg
253,fb2a5f181675efca7998a4bcfd25be8e,2,Normal(91).jpg,data/raw/ECG_Normal/Normal(91).jpg,data/raw/ECG_Normal/Normal(233).jpg | data/raw/ECG_Normal/Normal(91).jpg
254,fbfaa96342977a22e1dbcf89c683013e,2,Normal(181).jpg,data/raw/ECG_Normal/Normal(181).jpg,data/raw/ECG_Normal/Normal(181).jpg | data/raw/ECG_Normal/Normal(39).jpg
254,fbfaa96342977a22e1dbcf89c683013e,2,Normal(39).jpg,data/raw/ECG_Normal/Normal(39).jpg,data/raw/ECG_Normal/Normal(181).jpg | data/raw/ECG_Normal/Normal(39).jpg
255,fc58f17ea5990b356fa8b9edec99a9ac,2,Normal(176).jpg,data/raw/ECG_Normal/Normal(176).jpg,data/raw/ECG_Normal/Normal(176).jpg | data/raw/ECG_Normal/Normal(34).jpg
255,fc58f17ea5990b356fa8b9edec99a9ac,2,Normal(34).jpg,data/raw/ECG_Normal/Normal(34).jpg,data/raw/ECG_Normal/Normal(176).jpg | data/raw/ECG_Normal/Normal(34).jpg
256,fe3b67bbc9fcefe2ea73cc895376a62e,2,PMI(107).jpg,data/raw/ECG_HistoryMI/PMI(107).jpg,data/raw/ECG_HistoryMI/PMI(107).jpg | data/raw/ECG_HistoryMI/PMI(21).jpg
256,fe3b67bbc9fcefe2ea73cc895376a62e,2,PMI(21).jpg,data/raw/ECG_HistoryMI/PMI(21).jpg,data/raw/ECG_HistoryMI/PMI(107).jpg | data/raw/ECG_HistoryMI/PMI(21).jpg
257,ff0496a79c5b6467e19367f8e59057bb,2,Normal(204).jpg,data/raw/ECG_Normal/Normal(204).jpg,data/raw/ECG_Normal/Normal(204).jpg | data/raw/ECG_Normal/Normal(62).jpg
257,ff0496a79c5b6467e19367f8e59057bb,2,Normal(62).jpg,data/raw/ECG_Normal/Normal(62).jpg,data/raw/ECG_Normal/Normal(204).jpg | data/raw/ECG_Normal/Normal(62).jpg
258,ff2685eff28384211083a48bbf73a3a2,2,PMI(161).jpg,data/raw/ECG_HistoryMI/PMI(161).jpg,data/raw/ECG_HistoryMI/PMI(161).jpg | data/raw/ECG_HistoryMI/PMI(75).jpg
258,ff2685eff28384211083a48bbf73a3a2,2,PMI(75).jpg,data/raw/ECG_HistoryMI/PMI(75).jpg,data/raw/ECG_HistoryMI/PMI(161).jpg | data/raw/ECG_HistoryMI/PMI(75).jpg
